seq,time_stamp,frame_id,px,py,pz,qx,qy,qz,qw
2266,1548035025327671108,base_link,0.10664792358875275,0.10128286480903625,0.4526561498641968,-0.3349549244976228,0.37798870276509766,-0.6660968136993158,0.5488576991501252
2267,1548035025376188227,base_link,0.11030358821153641,0.10742825269699097,0.4695412516593933,-0.35249781058186513,0.38641546822137823,-0.6678126681700933,0.529579663210159
2268,1548035025412619904,base_link,0.11102131009101868,0.10614393651485443,0.4645236134529114,-0.35076917664831087,0.38275676138161013,-0.6701436828269971,0.5304391489107843
2269,1548035025455777065,base_link,0.11144997924566269,0.10723302513360977,0.46217769384384155,-0.3450770903487523,0.38722398993697826,-0.6673866858597259,0.5343916119017005
2270,1548035025498245488,base_link,0.11289110779762268,0.10867559164762497,0.4669061601161957,-0.3464953750586495,0.3916316747563167,-0.669144669377659,0.5280255655117388
2271,1548035025539527881,base_link,0.11452566087245941,0.10890121757984161,0.4681631922721863,-0.3456801640708053,0.39273333416959627,-0.6696280219254451,0.5271281292553349
2272,1548035025583861166,base_link,0.11611317098140717,0.10830636322498322,0.46958592534065247,-0.34354549412054936,0.3957481574206478,-0.6706174281920914,0.5250068136440278
2273,1548035025619839015,base_link,0.11621981114149094,0.10794851928949356,0.4661666750907898,-0.3380680030502642,0.39673555723734255,-0.6692062634423219,0.5295978662218599
2274,1548035025663268244,base_link,0.11657286435365677,0.10850091278553009,0.46747565269470215,-0.3363205154226207,0.40041960153449324,-0.6700620971870076,0.5268485926014893
2275,1548035025705579241,base_link,0.11733091622591019,0.10840390622615814,0.46644073724746704,-0.337227390938017,0.39943143800597314,-0.6720882250818514,0.524432675221467
2276,1548035025749007775,base_link,0.11833041161298752,0.10849554091691971,0.47050929069519043,-0.3361488832373908,0.4086310516115093,-0.6667521943751699,0.5248486479481705
2277,1548035025786686085,base_link,0.11778389662504196,0.10548383742570877,0.4691195487976074,-0.3339154038811266,0.40751764072837315,-0.6709481943114316,0.5217838595590265
2278,1548035025832215715,base_link,0.11725196242332458,0.10351178050041199,0.4646199345588684,-0.3291100961378103,0.40608071790358,-0.6710518704110956,0.5258083133470262
2279,1548035025874240191,base_link,0.11757087707519531,0.1031244695186615,0.4656819701194763,-0.3277818641806942,0.40712017324246536,-0.6726818394215828,0.5237474171446099
2280,1548035025910637522,base_link,0.11863324791193008,0.10225484520196915,0.46457526087760925,-0.3270585650170017,0.4046266426007315,-0.6753175326378005,0.5227391369112062
2281,1548035025959438212,base_link,0.11992128938436508,0.1029440388083458,0.4663830101490021,-0.32579750878709673,0.4082052071757366,-0.6720397727076923,0.5249638425660654
2282,1548035025998139611,base_link,0.1216396912932396,0.10263239592313766,0.4695490002632141,-0.3264213542358382,0.4099102285845628,-0.6747088767427858,0.5197986491374155
2283,1548035026041244386,base_link,0.1233108788728714,0.10118148475885391,0.4704163670539856,-0.3240244072319073,0.41498838121719084,-0.6721801122192812,0.5205446414186029
2284,1548035026079964292,base_link,0.12401064485311508,0.09841935336589813,0.46981844305992126,-0.32147157111937463,0.41685271725134065,-0.6739596092721566,0.5183322160081667
2285,1548035026123520050,base_link,0.12422870844602585,0.09530262649059296,0.46422916650772095,-0.3176097482210995,0.41568787922419603,-0.6758095486271039,0.5192389516257907
2286,1548035026162542501,base_link,0.12482500076293945,0.09363481402397156,0.46350717544555664,-0.313979920719252,0.4227504879227652,-0.6717203503658294,0.5210474117108759
2287,1548035026207987872,base_link,0.1249256283044815,0.09060133248567581,0.462623655796051,-0.31355641725666145,0.42357437916787755,-0.6751681968640868,0.5161540704605657
2288,1548035026249817201,base_link,0.12470042705535889,0.08686772733926773,0.4561864733695984,-0.31027133568503645,0.42199687806924085,-0.6743547990982757,0.5204766450909799
2289,1548035026287543809,base_link,0.1232205182313919,0.08494509756565094,0.45020171999931335,-0.3037956033782199,0.4231222573356898,-0.6728550187633359,0.5253017327595678
2290,1548035026330422272,base_link,0.12353602796792984,0.08495508134365082,0.4509319067001343,-0.3039903488735551,0.42468869344769994,-0.6751499990799096,0.5209624364499017
2291,1548035026370164896,base_link,0.12313415855169296,0.08398286253213882,0.4488883316516876,-0.30246216848190144,0.4255067865687384,-0.6729375394851894,0.5240378604383381
2292,1548035026414701336,base_link,0.12213733047246933,0.08380049467086792,0.4479486644268036,-0.3009121804899956,0.4253108627617164,-0.6726415032716342,0.5254673517223659
2293,1548035026457928116,base_link,0.12171332538127899,0.08439368009567261,0.4492652416229248,-0.301281227203105,0.42398524787814634,-0.6733654773955973,0.5253999101336968
2294,1548035026494011901,base_link,0.1222350150346756,0.08482487499713898,0.45431986451148987,-0.3033836672017807,0.4255698922020427,-0.6728229042312627,0.5236009519358708
2295,1548035026543982725,base_link,0.1215110644698143,0.08417124301195145,0.4545110762119293,-0.30131996377625647,0.42447112151395444,-0.6731812377148427,0.5252214462674519
2296,1548035026584113805,base_link,0.12141735106706619,0.08388370275497437,0.45707792043685913,-0.30073385810887315,0.4253289346152443,-0.6744930400455321,0.5231764357233131
2297,1548035026617694554,base_link,0.12092772126197815,0.0831267237663269,0.45651206374168396,-0.29891375169249695,0.4235253774348289,-0.6767634564339533,0.5227504641350125
2298,1548035026664664581,base_link,0.12059105187654495,0.0829090029001236,0.45669686794281006,-0.29652860660557273,0.4241577832656509,-0.677939696562537,0.5220715738138034
2299,1548035026707908940,base_link,0.12086398899555206,0.08326548337936401,0.45839279890060425,-0.29626981220014903,0.425195595742967,-0.6789749243271983,0.5200249569727851
2300,1548035026749093811,base_link,0.12043341249227524,0.08315757662057877,0.4579066336154938,-0.2943531543134748,0.4250036964984595,-0.6790127128548554,0.5212195451917002
2301,1548035026789319062,base_link,0.1205471083521843,0.08380131423473358,0.4593513309955597,-0.2927726441033147,0.42620733516811315,-0.6796144091275668,0.5203419464350704
2302,1548035026827847767,base_link,0.12073545157909393,0.08405452966690063,0.4606885313987732,-0.2933026848148,0.42580698605131095,-0.6805203160773524,0.519185944644411
2303,1548035026875960612,base_link,0.11901701241731644,0.08522651344537735,0.4564395844936371,-0.28734535027713554,0.42371003766631327,-0.6800392741916446,0.5248323915421211
2304,1548035026909920413,base_link,0.1188276931643486,0.08917839825153351,0.4616231322288513,-0.28759358014491304,0.4250904523291899,-0.6830499976398454,0.5196448217024809
2305,1548035026955190038,base_link,0.11937347799539566,0.09257154911756516,0.46529698371887207,-0.2890187219323844,0.42559845931223445,-0.6837194460037581,0.5175537160140365
2306,1548035026993563477,base_link,0.11996482312679291,0.09457267075777054,0.47120943665504456,-0.29082412088607507,0.42821007886401397,-0.6852966118178743,0.5122753291942312
2307,1548035027043624277,base_link,0.12001863867044449,0.09518767148256302,0.46969759464263916,-0.2865035527377591,0.42558279948003414,-0.6893795625214055,0.5114203885583506
2308,1548035027077950777,base_link,0.12110944092273712,0.09706492722034454,0.4740273356437683,-0.287670423407422,0.4306779931895295,-0.6875940967551576,0.5088973882682967
2309,1548035027119604247,base_link,0.12137049436569214,0.09717807173728943,0.4748854339122772,-0.28854909737561585,0.4293162488463393,-0.6882029106920299,0.5087275602866864
2310,1548035027167767038,base_link,0.12067382782697678,0.09756970405578613,0.47135129570961,-0.28772504523339354,0.425030903781263,-0.688027507003852,0.5130118700209471
2311,1548035027202953717,base_link,0.12300007045269012,0.1000056266784668,0.4791700839996338,-0.2919473991323921,0.42877276179293283,-0.6901208056788005,0.5046324488709935
2312,1548035027248190768,base_link,0.12450370192527771,0.09885898977518082,0.47736766934394836,-0.2858230031009118,0.43120269196299293,-0.6928541713111376,0.5023171773282309
2313,1548035027286462705,base_link,0.12568850815296173,0.09924758970737457,0.47826921939849854,-0.2836662025415815,0.4374394766947887,-0.6900172849084767,0.5020521250748395
2314,1548035027331626089,base_link,0.126945361495018,0.09915991127490997,0.4784977436065674,0.2796276371437354,-0.43889020900889325,0.6943854732360619,-0.49700360515822395
2315,1548035027370304097,base_link,0.12788359820842743,0.09925270080566406,0.47477346658706665,0.277225731426307,-0.4384250652812001,0.6943816670968053,-0.4987619235348524
2316,1548035027415437363,base_link,0.13141290843486786,0.10060050338506699,0.4807681143283844,0.2798479926002027,-0.44522132914693596,0.6949020055625595,-0.4904837120388454
2317,1548035027456476995,base_link,0.13342539966106415,0.09881795197725296,0.4776082932949066,0.2759641515840237,-0.4456475278638962,0.6974736290282175,-0.4886436377970312
2318,1548035027497808246,base_link,0.1356545388698578,0.09865856170654297,0.475380539894104,0.27186676314891467,-0.4493647499599251,0.6960786887372673,-0.48952450773601974
2319,1548035027541370061,base_link,0.13866020739078522,0.09849103540182114,0.4773009717464447,0.271228713548055,-0.45354187685129993,0.6961669602213008,-0.48588714161366847
2320,1548035027577782947,base_link,0.14192593097686768,0.09717728197574615,0.4752628803253174,0.269301934886096,-0.4546602304762771,0.698247272046017,-0.4829195479271459
2321,1548035027621096333,base_link,0.14498433470726013,0.09693682193756104,0.47606489062309265,0.2632840411886606,-0.46195034725466433,0.6951976563440309,-0.4837185224285187
2322,1548035027665971554,base_link,0.14771056175231934,0.0959792509675026,0.47821635007858276,0.26734355470913085,-0.46157545662335664,0.6939032159757648,-0.4837084333117596
2323,1548035027707105244,base_link,0.15006959438323975,0.09428185969591141,0.4778626561164856,0.2715280570364964,-0.4613113967557527,0.6902374703819937,-0.48686398916525764
2324,1548035027745965420,base_link,0.15429657697677612,0.09186062216758728,0.4834204614162445,0.2699209200886636,-0.46770814224363594,0.6901393310404718,-0.48176705400899517
2325,1548035027786228719,base_link,0.15663672983646393,0.08687853068113327,0.4794851541519165,0.2644077512079009,-0.4679370395454286,0.6922480885803943,-0.4815766314714941
2326,1548035027831469162,base_link,0.15696607530117035,0.08361195027828217,0.4734121561050415,0.25374946957949607,-0.47362863613166106,0.6877839652093576,-0.48809869793421923
2327,1548035027873316039,base_link,0.15811704099178314,0.08249914646148682,0.4748461842536926,0.2506491331000979,-0.474959930237673,0.6891850462522843,-0.48642784538616923
2328,1548035027913969784,base_link,0.15946786105632782,0.08126778155565262,0.4742259979248047,0.250215234542241,-0.4749402730608367,0.690925470573766,-0.48419631095278826
2329,1548035027959469770,base_link,0.16059623658657074,0.07988622784614563,0.4746444821357727,0.24713006907963975,-0.4806795378250564,0.6881490454304915,-0.48407107137907546
2330,1548035027994281321,base_link,0.16002821922302246,0.07794740051031113,0.47175800800323486,0.24450518180235967,-0.47963807597392605,0.6886838558961207,-0.48567383991303936
2331,1548035028041189858,base_link,0.15894253551959991,0.07690733671188354,0.4683542549610138,0.24274406042191865,-0.4803520972285885,0.6859312216659682,-0.48973007153105175
2332,1548035028081353802,base_link,0.1599215567111969,0.07732683420181274,0.47252002358436584,0.24539982427661203,-0.48056832427989915,0.6880003030323082,-0.48527167130512544
2333,1548035028120288605,base_link,0.15968330204486847,0.0758117064833641,0.46973010897636414,0.2433989081944853,-0.4794533633895484,0.6885931439651606,-0.4865397475112981
2334,1548035028162238894,base_link,0.16036656498908997,0.07590387016534805,0.4705810248851776,0.24138265758131194,-0.4815212976704584,0.6878553655436864,-0.4865456284887396
2335,1548035028202854993,base_link,0.15944154560565948,0.07632222026586533,0.4700999855995178,0.23866073979274446,-0.4812165173380816,0.686317086131661,-0.49034739930617977
2336,1548035028246880533,base_link,0.15834994614124298,0.07789194583892822,0.47147485613822937,0.2387412236034136,-0.47896965999542207,0.6858877207570604,-0.49310113310648507
2337,1548035028287253186,base_link,0.15885189175605774,0.07951844483613968,0.4768979251384735,0.24303482908922647,-0.4774047547497606,0.6872147020734533,-0.49066763215641845
2338,1548035028331850300,base_link,0.15700924396514893,0.07997804135084152,0.47412407398223877,0.24250073466798905,-0.474178550372586,0.6866502481242831,-0.4948328331900571
2339,1548035028373801062,base_link,0.15582624077796936,0.08236561715602875,0.47573575377464294,0.24432647936157126,-0.4723893703907237,0.6865678469560941,-0.495759463601764
2340,1548035028412499091,base_link,0.15571509301662445,0.08412421494722366,0.4782501757144928,0.24781280607662567,-0.4696500067360769,0.6895524289974801,-0.49247855992003026
2341,1548035028456916941,base_link,0.15479563176631927,0.08551806956529617,0.4763166606426239,0.2496292700711347,-0.4682907440996663,0.6879693188309864,-0.4950628473856241
2342,1548035028495642728,base_link,0.15404966473579407,0.08656831085681915,0.4757167398929596,0.2544389476483779,-0.4657571211761176,0.6883684989338308,-0.4944491234383027
2343,1548035028539992754,base_link,0.15297766029834747,0.08701641857624054,0.4725385010242462,0.2586137475002781,-0.46438324395878516,0.6861698454792236,-0.4966266963114209
2344,1548035028580315168,base_link,0.15079550445079803,0.08767659962177277,0.4682454466819763,-0.2584423989517418,0.4630195920471868,-0.6837882268894643,0.5012524758760675
2345,1548035028623114085,base_link,0.1502724587917328,0.08983838558197021,0.470220685005188,-0.2638115923319478,0.4610983726375731,-0.6833487490576904,0.5008255401470192
2346,1548035028666144898,base_link,0.15016242861747742,0.09118854999542236,0.47285306453704834,0.26725766086857394,-0.46114591932132665,0.6831530050598648,-0.49921914574465526
2347,1548035028705017359,base_link,0.1501322239637375,0.09121260046958923,0.4723441004753113,0.27044834885748414,-0.45832300791997715,0.6857815013625203,-0.49648911710168697
2348,1548035028749228257,base_link,0.15005391836166382,0.0915171280503273,0.4713420867919922,0.2708271132329164,-0.46038087355262575,0.6825437893775018,-0.4988347437649536
2349,1548035028783391478,base_link,0.14913251996040344,0.09140492230653763,0.47012627124786377,0.2711286159489922,-0.45929445879854064,0.6827701310978183,-0.499362415296954
2350,1548035028828035690,base_link,0.14774616062641144,0.09199518710374832,0.46710410714149475,-0.27131364056997204,0.4570246527599124,-0.6813529487812366,0.5032648749887711
2351,1548035028874243856,base_link,0.14758345484733582,0.09412261098623276,0.4709166884422302,-0.2736152591169459,0.4577294720296548,-0.6816258354725104,0.5010036335499193
2352,1548035028909760809,base_link,0.14717799425125122,0.09488373249769211,0.47004202008247375,0.27474562739565045,-0.45466543712116597,0.6842711798967392,-0.49956694534077584
2353,1548035028957946220,base_link,0.14711050689220428,0.0963040143251419,0.4705290198326111,-0.2755118879902209,0.45554703038762534,-0.6825062663506414,0.5007547294566344
2354,1548035028994572379,base_link,0.14799381792545319,0.09709464013576508,0.4726833701133728,0.27878925911444624,-0.4548824807832049,0.684858493068207,-0.49631373359124376
2355,1548035029041166186,base_link,0.14794565737247467,0.09685157984495163,0.47054368257522583,0.27787062839312127,-0.4559739222237152,0.6821181194328941,-0.4995903994970933
2356,1548035029081923567,base_link,0.14780741930007935,0.09736092388629913,0.47129732370376587,0.27829848651880856,-0.45551115197111125,0.6822747597109056,-0.49956050193416807
2357,1548035029120387125,base_link,0.1485462188720703,0.09739293158054352,0.4719838798046112,0.279402769879253,-0.45522896478098274,0.6830679958238081,-0.49811524257894596
2358,1548035029163197903,base_link,0.14889168739318848,0.09777970612049103,0.4715811014175415,0.27986929363872176,-0.4542239892518697,0.682998886150124,-0.4988649793120081
2359,1548035029205892740,base_link,0.15057781338691711,0.09797072410583496,0.473702073097229,0.28139301876626277,-0.4556479737754679,0.684329507455484,-0.49486969821323157
2360,1548035029250965008,base_link,0.15161214768886566,0.09733916074037552,0.47238314151763916,0.28199166005376847,-0.4558097958050923,0.6832967188611209,-0.49580613923373934
2361,1548035029289004783,base_link,0.1522194743156433,0.09725474566221237,0.4738636016845703,0.2816700493322196,-0.45982806066269244,0.6789851134589957,-0.4981960995807244
2362,1548035029328791539,base_link,0.15201516449451447,0.09572076052427292,0.4737345576286316,0.2830110393692827,-0.4581856639581028,0.6799339901364637,-0.4976549185886723
2363,1548035029371082162,base_link,0.15014638006687164,0.09431270509958267,0.4684617519378662,-0.2800143875800482,0.45725370736470294,-0.6773876439038442,0.5036436932354103
2364,1548035029412255637,base_link,0.14949344098567963,0.09449790418148041,0.46956849098205566,0.2804038502546865,-0.4572046719390463,0.6799705955284543,-0.4999775574324668
2365,1548035029455344150,base_link,0.14783960580825806,0.09349390864372253,0.46427682042121887,-0.2798007902669585,0.45412058421211,-0.680365568978529,0.5025820383871277
2366,1548035029495808166,base_link,0.14578621089458466,0.09440096467733383,0.4611389935016632,-0.2796854926105475,0.4534422117275016,-0.6779075508996955,0.5065644463244966
2367,1548035029540011629,base_link,0.14573036134243011,0.09584750980138779,0.46411657333374023,-0.283944734853943,0.45310756022271115,-0.6797433325113402,0.5020138726411093
2368,1548035029576342060,base_link,0.14369463920593262,0.09583080559968948,0.45983076095581055,-0.28181238030385247,0.4514598711113065,-0.6785946285129172,0.5062362069598099
2369,1548035029621838378,base_link,0.14286907017230988,0.09748520702123642,0.46250486373901367,-0.28461387431635077,0.4522845073021737,-0.6758642224780486,0.507583707160907
2370,1548035029665892191,base_link,0.1419125646352768,0.09817764908075333,0.4638533890247345,-0.28754501307873026,0.44847644334963416,-0.6778114370379785,0.506713332205228
2371,1548035029704517138,base_link,0.14059633016586304,0.09945090860128403,0.4647951126098633,-0.28671964550602175,0.4486877068035277,-0.6756759516812434,0.5098364394234085
2372,1548035029748908301,base_link,0.14017003774642944,0.10088619589805603,0.4696943461894989,-0.28889489467407037,0.44759782405476917,-0.6781521002682854,0.5062663890032675
2373,1548035029789202700,base_link,0.13818953931331635,0.10062777996063232,0.4667365849018097,-0.290354106195424,0.4423262162001519,-0.6766090000219969,0.5120959603109032
2374,1548035029830144768,base_link,0.13675598800182343,0.10262962430715561,0.4683803617954254,-0.2920127677718074,0.440784738471478,-0.6768783707905796,0.5121259893275972
2375,1548035029875941305,base_link,0.1357734352350235,0.10311867296695709,0.4690193235874176,-0.29479938407545914,0.4390734211080896,-0.6780878965716781,0.5103965698828369
2376,1548035029909697499,base_link,0.13300850987434387,0.10363002866506577,0.46435627341270447,-0.2929952889616271,0.4374250652336253,-0.6764932150312805,0.5149466020552935
2377,1548035029956595661,base_link,0.1320856511592865,0.10547199845314026,0.46682727336883545,-0.29731044948231106,0.43629141902097895,-0.6784408066567035,0.5108565025330386
2378,1548035029996520783,base_link,0.13068383932113647,0.10573168098926544,0.4647466540336609,-0.2990587490438769,0.4338415326355977,-0.6788563048387136,0.5113702245550039
2379,1548035030040697333,base_link,0.1285087913274765,0.10692136734724045,0.46290260553359985,-0.2983272554249515,0.43264262675034726,-0.6775456831940476,0.5145415953781454
2380,1548035030079071918,base_link,0.12822648882865906,0.10829244554042816,0.4661839008331299,-0.3038685365001229,0.43160717021498596,-0.6798905798590459,0.5090461300935467
2381,1548035030118091062,base_link,0.12713868916034698,0.10810423642396927,0.4639679789543152,-0.30430727819629566,0.42984166182266215,-0.6788174052709748,0.5117031918011409
2382,1548035030162569948,base_link,0.12582150101661682,0.10892166197299957,0.4640412926673889,-0.3027947789598649,0.4303043629712145,-0.6790045157628,0.5119632258437212
2383,1548035030202818279,base_link,0.125421941280365,0.1092185378074646,0.4640849232673645,-0.3039411254794324,0.42793976280649354,-0.6822961140398605,0.5088805011174273
2384,1548035030246149739,base_link,0.12582635879516602,0.10978604853153229,0.46549907326698303,-0.3060966908509699,0.4294485353035588,-0.6808550975123958,0.5082470930237567
2385,1548035030287548088,base_link,0.12704136967658997,0.10948216170072556,0.46744823455810547,-0.305177034468835,0.4306847015307511,-0.6865609348397103,0.5000117481141801
2386,1548035030331102191,base_link,0.12767170369625092,0.10797064006328583,0.4640145003795624,-0.2994519441749552,0.4348330417365845,-0.6853560696595705,0.5015334652091868
2387,1548035030372652528,base_link,0.12900812923908234,0.107761450111866,0.4662490487098694,0.3021213011196533,-0.43349814266615677,0.6865603654078375,-0.49943662697665336
2388,1548035030455038219,base_link,0.1376037299633026,0.10521241277456284,0.4677068293094635,0.29767817128661345,-0.4324880003785358,0.6947427808400302,-0.4916038083036939
2389,1548035030494801833,base_link,0.14280220866203308,0.10489780455827713,0.4716761112213135,0.293637115420055,-0.43380947844361295,0.6985796257426268,-0.4874146975190236
2390,1548035030541909715,base_link,0.14797472953796387,0.10312763601541519,0.4731389880180359,0.2915858949632268,-0.43462906930940604,0.7014545000386389,-0.48377352381592453
2391,1548035030578278333,base_link,0.1520836353302002,0.10110460221767426,0.47132349014282227,0.2860810127522516,-0.44821432886586277,0.6952528601796443,-0.48361661463807715
2392,1548035030623207384,base_link,0.15680710971355438,0.09933372586965561,0.4732666313648224,0.2822110180595482,-0.44789482942479875,0.6988123235499349,-0.48104937326127434
2393,1548035030665914377,base_link,0.15940020978450775,0.09633152931928635,0.46704691648483276,0.2761278240084086,-0.45542068686383635,0.6959860476300002,-0.4816106770922172
2394,1548035030704929973,base_link,0.1637149155139923,0.09581245481967926,0.4678092300891876,0.2710120231301622,-0.46447688293543044,0.6940408991326293,-0.4786657903680335
2395,1548035030788780211,base_link,0.17245426774024963,0.09117462486028671,0.46835583448410034,0.2630796148561326,-0.4722578486957593,0.6960401995361802,-0.47253537563026604
2396,1548035030830762225,base_link,0.17574937641620636,0.08856967836618423,0.467874139547348,0.2556698555667871,-0.47900583475614406,0.6960247630405589,-0.4698253552740225
2397,1548035030870867613,base_link,0.17831167578697205,0.08554723858833313,0.4647634029388428,0.2525428353624244,-0.47892940489026437,0.6974866200495589,-0.4694264120076831
2398,1548035030910371974,base_link,0.18107543885707855,0.08355499804019928,0.46287062764167786,0.2470040924467851,-0.488311802839384,0.6939322601178668,-0.4679728409747727
2399,1548035032038750934,base_link,0.08580084890127182,0.1413707286119461,0.530923068523407,-0.4064806144483626,0.3882057583621267,-0.6498144988286656,0.5116746196209244
2400,1548035032078804885,base_link,0.08671877533197403,0.1310574859380722,0.5279542803764343,-0.3999281793681717,0.37892488571526395,-0.658432285528974,0.5127770545822276
2401,1548035032375477674,base_link,0.13426801562309265,0.07563803344964981,0.4831441640853882,-0.31637479882531455,0.3836453929672337,-0.6890760712887299,0.5271597168795691
2402,1548035032408303829,base_link,0.14139065146446228,0.07710018008947372,0.4889858365058899,-0.3109113192613641,0.406257371518975,-0.6785198661281001,0.5271621106558749
2403,1548035032456533071,base_link,0.14718051254749298,0.08199190348386765,0.5034024715423584,-0.3047818570186816,0.4193684862830704,-0.6678853541879053,0.5340105298645212
2404,1548035032496438621,base_link,0.15191547572612762,0.08626362681388855,0.5255833864212036,-0.307417123474279,0.4199657403883631,-0.6661852054632039,0.5341542484309214
2405,1548035032541979851,base_link,0.15546751022338867,0.08904041349887848,0.5454923510551453,-0.30882160587748725,0.42089263597075416,-0.665529162778884,0.5334318496487414
2406,1548035032582005629,base_link,0.1580551564693451,0.09038981050252914,0.5599824786186218,-0.3078927639657384,0.4189203351236037,-0.6680519412841744,0.532366793164179
2407,1548035032621137610,base_link,0.15995173156261444,0.09165727347135544,0.5738606452941895,-0.308463637311672,0.4161260882370678,-0.6673219475107944,0.535136133628976
2408,1548035032663063978,base_link,0.16280043125152588,0.09320249408483505,0.5883935689926147,-0.30729847406985855,0.41596541760624883,-0.6693450322756378,0.5334019562749288
2409,1548035032701602529,base_link,0.16551174223423004,0.09388428926467896,0.6002432107925415,-0.30586936024204137,0.4138180415879637,-0.6724410475941321,0.5319977447620741
2410,1548035032750450395,base_link,0.16702799499034882,0.09596593677997589,0.6097429394721985,-0.301102020228417,0.410522919762614,-0.6695997499985852,0.5407815460662253
2411,1548035032786032302,base_link,0.16783727705478668,0.10064884275197983,0.6235262155532837,-0.30732996066903984,0.40278448334268746,-0.6682025950299685,0.5448102855570431
2412,1548035032829849220,base_link,0.1686432957649231,0.10570622235536575,0.636814534664154,-0.3057491108133894,0.39694671035218115,-0.6701219674520132,0.5476197030016784
2413,1548035032870525258,base_link,0.1722927987575531,0.1168285459280014,0.6620978713035583,-0.30721343850186217,0.40409426112637675,-0.6680791997977861,0.5440569033898381
2414,1548035032911772031,base_link,0.17926035821437836,0.12919357419013977,0.6867620348930359,-0.3218519921109428,0.3992372867564782,-0.6714555605517284,0.534947020032552
2415,1548035032958689952,base_link,0.1846611648797989,0.13531149923801422,0.7002728581428528,-0.3259177059617359,0.3959031693905313,-0.6697275123790175,0.5371251144470764
2416,1548035032997441261,base_link,0.18993766605854034,0.1380711793899536,0.7221826910972595,-0.3305138938506537,0.40227132894493095,-0.6644028169081517,0.5361970167439117
2417,1548035033041152252,base_link,0.19043424725532532,0.13640360534191132,0.7263497710227966,-0.33050950274773533,0.3957286513191136,-0.667774489258519,0.5368794414150393
2418,1548035033082945180,base_link,0.19352394342422485,0.13723760843276978,0.7339932322502136,-0.3295995761546981,0.3944022849269568,-0.6680415960967164,0.5380812047707947
2419,1548035033121150519,base_link,0.19636614620685577,0.13824425637722015,0.7418714761734009,-0.32606197949689725,0.3952624672689778,-0.668573991728282,0.5389433969161475
2420,1548035033164969108,base_link,0.20097650587558746,0.14220522344112396,0.7545947432518005,-0.32551930380118793,0.39568135609792826,-0.6708312656605274,0.5361519003991213
2421,1548035033203830229,base_link,0.20696279406547546,0.14537225663661957,0.7682830691337585,-0.32452712631439873,0.39434260124433257,-0.675104372533286,0.5323627929489525
2422,1548035033252554330,base_link,0.21205684542655945,0.14772985875606537,0.7759881019592285,-0.32316232326913985,0.3993143082157407,-0.6722410510392538,0.5331098998997449
2423,1548035033289746782,base_link,0.2141639143228531,0.15227846801280975,0.7820477485656738,-0.3203853602796498,0.3995930637188622,-0.6675192070976194,0.5404597232930665
2424,1548035033331571006,base_link,0.21592006087303162,0.15744468569755554,0.7957314848899841,-0.32289899449043613,0.3995754382745681,-0.6679846290570945,0.5383978490189277
2425,1548035033374950294,base_link,0.2169954776763916,0.1617594212293625,0.8026878237724304,-0.3195091572611147,0.3998920210396825,-0.6693775850856483,0.5384551221039653
2426,1548035033414699719,base_link,0.21840673685073853,0.16920848190784454,0.8149034976959229,-0.315419440507547,0.40240979390608933,-0.6727796765568018,0.534737731164063
2427,1548035033456399396,base_link,0.2202860414981842,0.17575202882289886,0.8267431259155273,-0.31560942761601435,0.40372850081939304,-0.6756763629750674,0.5299579599768287
2428,1548035033495642583,base_link,0.22243887186050415,0.18043473362922668,0.8382852077484131,-0.3182335080764437,0.40562164460670624,-0.6757445908374093,0.5268470021912368
2429,1548035033540434430,base_link,0.2237115502357483,0.18154649436473846,0.8431501984596252,-0.31618033251970284,0.4068220786803761,-0.6781728746278685,0.5240299092083215
2430,1548035033584028092,base_link,0.22310885787010193,0.18307116627693176,0.8411905765533447,-0.31093241372277675,0.4073519447367307,-0.6784241454809044,0.5264276835845887
2431,1548035033620251646,base_link,0.22290952503681183,0.1885347068309784,0.8457502722740173,-0.31224771732653794,0.4053283385512328,-0.6787164720277737,0.5268341784564055
2432,1548035033665859492,base_link,0.22451826930046082,0.19248394668102264,0.8513251543045044,-0.31414893275113603,0.4061131804595417,-0.6803631703963885,0.5229612691935537
2433,1548035033702893491,base_link,0.22388611733913422,0.1960608810186386,0.8530029654502869,-0.3117368737616377,0.4040428106464573,-0.6791515328781198,0.5275630048549007
2434,1548035033747782285,base_link,0.2234807014465332,0.2002519816160202,0.857707142829895,-0.3123524841933032,0.40588986622196516,-0.6814095406042936,0.5228483337355422
2435,1548035033785727744,base_link,0.22376827895641327,0.20531174540519714,0.8603559732437134,-0.31039987588334983,0.40586394243024887,-0.6821743225738537,0.5230340054981898
2436,1548035033829218341,base_link,0.223294198513031,0.2113848775625229,0.8633378148078918,-0.3036853234692553,0.40906778290486706,-0.6830803663463082,0.5232972256861906
2437,1548035033871758334,base_link,0.2243826687335968,0.22423556447029114,0.8738777041435242,-0.299759050442535,0.41216436239520376,-0.6794907965224974,0.5277852854053126
2438,1548035033912509651,base_link,0.2204996645450592,0.23535291850566864,0.8682213425636292,-0.2992898823875195,0.40408595381728085,-0.6807815341008805,0.5326130030850679
2439,1548035033955514255,base_link,0.21649710834026337,0.24352844059467316,0.860877513885498,-0.3083254797554474,0.40420491691570715,-0.6850848211846297,0.5217399461965354
2440,1548035033995561199,base_link,0.2210482954978943,0.25602447986602783,0.8785353302955627,-0.3036258854240832,0.41796534404198055,-0.6763643079969055,0.5250215383659772
2441,1548035034043267457,base_link,0.21556377410888672,0.2582041025161743,0.8580101728439331,-0.3098610099931988,0.4029954526548125,-0.6871915272058271,0.5189880774758319
2442,1548035034082483414,base_link,0.21712274849414825,0.26053130626678467,0.8599442839622498,-0.31240742607906735,0.39867308156110437,-0.6942885885054307,0.5112971054488393
2443,1548035034122407427,base_link,0.2195555567741394,0.26125621795654297,0.8613362908363342,-0.312046192686973,0.39746981572291984,-0.6963639092039667,0.5096294979462259
2444,1548035034166268551,base_link,0.221955344080925,0.2613551914691925,0.8627669215202332,-0.3112112761401371,0.4007219440048179,-0.6961992788032068,0.5078149558551044
2445,1548035034205069372,base_link,0.22387179732322693,0.2622932195663452,0.8618848323822021,-0.3090733303918206,0.40433396647970243,-0.6956417552028056,0.5070209743291293
2446,1548035034250861345,base_link,0.22424907982349396,0.2624099850654602,0.8586755394935608,-0.30891818269820354,0.4057214218398348,-0.6947369067670627,0.5072477842577888
2447,1548035034285076832,base_link,0.22464793920516968,0.2632680833339691,0.8583989143371582,-0.3072106899041019,0.4068859661420249,-0.6941872818642236,0.5081037495072019
2448,1548035034332325708,base_link,0.22408375144004822,0.26345136761665344,0.8565897941589355,-0.3067609607986438,0.4055123374190011,-0.6942276885578604,0.509416699343947
2449,1548035034370371498,base_link,0.2238215208053589,0.2645599842071533,0.8583246469497681,-0.30799694239995346,0.40526129105986697,-0.6937322594809101,0.5095456030585296
2450,1548035034415250120,base_link,0.22328592836856842,0.26596319675445557,0.8598137497901917,-0.3084012613167277,0.4035040659757493,-0.69391458650138,0.5104465470545453
2451,1548035034456033773,base_link,0.22492018342018127,0.2692312002182007,0.8708429932594299,-0.31165380354562683,0.40993828220770395,-0.6900362638359954,0.5085985313657534
2452,1548035034497414076,base_link,0.2235296368598938,0.26770222187042236,0.8705288171768188,-0.3144819700514542,0.3983773478768617,-0.6887714210321176,0.5176779971957002
2453,1548035034543893830,base_link,0.2199297845363617,0.26815861463546753,0.8699260950088501,-0.3157023553772377,0.3716306484640361,-0.6959777135649873,0.5271031266766656
2454,1548035034578613402,base_link,0.21565161645412445,0.2673017680644989,0.8661895990371704,-0.3209776154800143,0.3952964692740697,-0.684378101491031,0.5218627079412275
2455,1548035034624022389,base_link,0.2122723013162613,0.2665903866291046,0.8612110018730164,-0.31847463220949046,0.3706410079409608,-0.6904606181598583,0.5333509976008717
2456,1548035034747862241,base_link,0.20223146677017212,0.2790392339229584,0.8860089182853699,-0.3540863814651497,0.3919868485067381,-0.6596227185419933,0.5346653291938261
2457,1548035034791850176,base_link,0.19963428378105164,0.27046942710876465,0.8706450462341309,-0.3543286811609803,0.3627912980992309,-0.6739717801028862,0.5372110380056823
2458,1548035034830837490,base_link,0.20375022292137146,0.2687481939792633,0.8720231652259827,-0.35017402435042766,0.3337650072783222,-0.6896411838719172,0.5388637212639832
2459,1548035035206770987,base_link,0.2916901707649231,0.2664491832256317,0.9063301086425781,0.3103848119285159,-0.39224863785985226,0.7164407407160249,-0.48632801653150093
2460,1548035035250991783,base_link,0.28804758191108704,0.2619263231754303,0.8848906755447388,0.2970084746823106,-0.42693741861873347,0.696239442527636,-0.49473330716545266
2461,1548035035289052370,base_link,0.2845853865146637,0.2645162045955658,0.8792099356651306,-0.2967042712901643,0.3994793444296915,-0.7065635936063959,0.5031408520108583
2462,1548035035327827093,base_link,0.27923882007598877,0.2671091854572296,0.8738198280334473,-0.30015189297922784,0.3810069930711245,-0.7104209658428603,0.5099456477535458
2463,1548035035541075832,base_link,0.23613786697387695,0.2780182659626007,0.8518986105918884,-0.331605159899995,0.35053169530787737,-0.6908538553162733,0.5384110874665617
2464,1548035035584355623,base_link,0.23001039028167725,0.2788756191730499,0.8466095328330994,-0.33826138912187653,0.3548127767574842,-0.6853966908599189,0.5384408066233973
2465,1548035035621159770,base_link,0.22699259221553802,0.27871042490005493,0.8449543714523315,-0.3449501077844622,0.3817704519408276,-0.6780945917214124,0.5248318491122229
2466,1548035035668593866,base_link,0.22717708349227905,0.2771666347980499,0.8419310450553894,-0.3437633512394948,0.38234719992150334,-0.6792333770362985,0.5237169049941423
2467,1548035035705810177,base_link,0.22740133106708527,0.2785113751888275,0.8456390500068665,-0.34385331585617374,0.3850680814601379,-0.6775065683783249,0.5239010589983089
2468,1548035035750708252,base_link,0.22987735271453857,0.27980366349220276,0.8552314639091492,-0.3445792440549829,0.3887992511466734,-0.676865372854792,0.5214916623537008
2469,1548035035787576181,base_link,0.22792725265026093,0.2756271958351135,0.8475044965744019,-0.34392438081197696,0.3858139808060068,-0.6769441070895171,0.5240326978104486
2470,1548035035831309698,base_link,0.2296704649925232,0.27631327509880066,0.8537374138832092,-0.3441935718522606,0.3831259508673785,-0.6796112164190621,0.522373319939823
2471,1548035035870616927,base_link,0.23049193620681763,0.2733648419380188,0.8500249981880188,-0.34531576654212065,0.37714866062042196,-0.6823987101648216,0.5223484560473376
2472,1548035035915441189,base_link,0.22929133474826813,0.270296186208725,0.8423126935958862,-0.34494869619086593,0.38406240512326945,-0.677380988386867,0.5240815418798701
2473,1548035035954414730,base_link,0.23090726137161255,0.27041882276535034,0.844942569732666,-0.3465034361684007,0.3750688236257805,-0.6833059121105787,0.5218733340018386
2474,1548035035994158840,base_link,0.23116742074489594,0.2675209045410156,0.8371493220329285,-0.3482157966046055,0.3792949496239869,-0.6795556013738977,0.522575625939555
2475,1548035036039687156,base_link,0.22945311665534973,0.2655593454837799,0.8283308744430542,-0.34753369144328533,0.3823971864023796,-0.677733681374416,0.5231345737704863
2476,1548035036079317194,base_link,0.22993552684783936,0.2640312612056732,0.8244948983192444,-0.34751562430045096,0.3794309900052298,-0.6803456104192627,0.5219146147349767
2477,1548035036120748171,base_link,0.24035409092903137,0.27307435870170593,0.8576982617378235,-0.35210293324338116,0.39239002925461103,-0.6800719335953095,0.5094661465484328
2478,1548035036203550673,base_link,0.24455204606056213,0.254645437002182,0.8342943787574768,-0.346377024899356,0.40630645851573405,-0.6724025810496164,0.5126526966554329
2479,1548035036248501799,base_link,0.23660868406295776,0.24940678477287292,0.8184975981712341,-0.33335416870945883,0.36630576972024037,-0.6891550966369018,0.5289237506985955
2480,1548035036329419291,base_link,0.22589360177516937,0.2557126581668854,0.8135104179382324,-0.33838091068307535,0.38385402019257997,-0.6799371159303012,0.525204692332115
2481,1548035036373688655,base_link,0.23086556792259216,0.2630506455898285,0.8394119143486023,-0.3457077716202313,0.39814827759803184,-0.6714418729818318,0.5207013509620891
2482,1548035036410012055,base_link,0.2252134531736374,0.25874948501586914,0.8305808901786804,-0.34158254880818406,0.3815754559437891,-0.677630542439806,0.5277673556821489
2483,1548035036457807855,base_link,0.2193954885005951,0.25660282373428345,0.822980523109436,-0.33732779824450676,0.37334786070234643,-0.679896260718701,0.5334439109233724
2484,1548035036618668584,base_link,0.20342522859573364,0.27653229236602783,0.8245255351066589,-0.3356742813382338,0.383896258886035,-0.6834409505925909,0.5223551534296015
2485,1548035036664675116,base_link,0.2092190384864807,0.28025346994400024,0.8467603921890259,-0.33769917396196963,0.41090420010283996,-0.6679110258632794,0.5205880019492481
2486,1548035036705439708,base_link,0.20235833525657654,0.270086407661438,0.8203843235969543,-0.3316213662291879,0.39125496970431006,-0.6781531920126875,0.5263602058523886
2487,1548035036748185277,base_link,0.205614373087883,0.28179171681404114,0.8382078409194946,-0.32468345390410214,0.40567571704419503,-0.6679864985977291,0.5327306120852516
2488,1548035036788609744,base_link,0.19824090600013733,0.27828171849250793,0.8152267336845398,-0.3257693428064952,0.35522137058992737,-0.6892578840360842,0.5409396292172883
2489,1548035037038417103,base_link,0.2310929000377655,0.31084343791007996,0.8526056408882141,-0.32825085667086384,0.38511718967887926,-0.6786399040495719,0.5323382439204176
2490,1548035037784529811,base_link,0.23656530678272247,0.2855382561683655,0.8201203346252441,-0.33380940876366955,0.4184623539702533,-0.6786262549427885,0.5029184258235616
2491,1548035037826897480,base_link,0.23597949743270874,0.2832809388637543,0.8238727450370789,-0.33099817463806536,0.42506450812162555,-0.6758629934002871,0.5029608200184115
2492,1548035037914948303,base_link,0.23494435846805573,0.27407971024513245,0.8268351554870605,-0.329366347784184,0.43036788302580703,-0.6734047819881356,0.5028193450959348
2493,1548035037960647445,base_link,0.22500859200954437,0.26028895378112793,0.7925536632537842,-0.3275942884027504,0.39722942129792504,-0.6917715470942425,0.5063031657930346
2494,1548035037997418821,base_link,0.22739000618457794,0.25997817516326904,0.7972998023033142,-0.3287156066564458,0.39455446703069835,-0.693384669862975,0.5054607028104355
2495,1548035038043339449,base_link,0.22904494404792786,0.2570074796676636,0.7953531742095947,-0.3275229634309802,0.37744017018853654,-0.7026771174186273,0.506470626008741
2496,1548035038078053808,base_link,0.2347264438867569,0.258323073387146,0.808877170085907,-0.32713989869030363,0.41213939768800084,-0.6850672445984519,0.5037891165324586
2497,1548035038119876922,base_link,0.23962649703025818,0.258337140083313,0.8259654641151428,-0.33103457650441825,0.44097739192430657,-0.6669309645525227,0.5011567993065829
2498,1548035038165253813,base_link,0.23107336461544037,0.24641850590705872,0.8017114400863647,-0.331924102907087,0.4189447185636906,-0.6764194296761219,0.5067232655538384
2499,1548035038203270031,base_link,0.2284793108701706,0.24146825075149536,0.7935323119163513,-0.3322565886709231,0.40270966602751435,-0.6867512870780975,0.5057698625554371
2500,1548035038253003771,base_link,0.22786399722099304,0.23678721487522125,0.7848169803619385,-0.3329774413735983,0.4036048565564862,-0.685822950917025,0.5058418955521321
2501,1548035038288995039,base_link,0.22750210762023926,0.2341417372226715,0.7807093858718872,-0.331801398741622,0.4055133709633602,-0.6844231598799836,0.5069829148826754
2502,1548035038326729354,base_link,0.22760482132434845,0.23332169651985168,0.7803333401679993,-0.33106249680546035,0.40943792168342774,-0.6823150172685455,0.507153259583643
2503,1548035038372491304,base_link,0.22678539156913757,0.23117344081401825,0.7777109742164612,-0.331312851838536,0.40803255029357,-0.6824695829452931,0.5079138711061347
2504,1548035038411537343,base_link,0.22613464295864105,0.2290414273738861,0.7731246948242188,-0.3322059143824341,0.40505491267539495,-0.6842923713090124,0.5072609769488954
2505,1548035038458730550,base_link,0.22576496005058289,0.2271827757358551,0.7682886123657227,-0.33274656138330216,0.4048119851728767,-0.6838984122236362,0.5076317014391166
2506,1548035038497692399,base_link,0.22614836692810059,0.22599609196186066,0.7666235566139221,-0.3343805965197676,0.4066021703917275,-0.6821942901906355,0.5074201830190794
2507,1548035038541396875,base_link,0.22462253272533417,0.22379931807518005,0.760022759437561,-0.3336064868332904,0.40523142579564836,-0.6821164989777007,0.50912796555756
2508,1548035038579715611,base_link,0.22487321496009827,0.22337017953395844,0.7587453722953796,-0.3341610841994565,0.40516475592111845,-0.6824529143654877,0.5083659213992187
2509,1548035038621596598,base_link,0.22457583248615265,0.2224414348602295,0.7541931867599487,-0.33408772285184346,0.40544110900141184,-0.683035174727765,0.5074109287904494
2510,1548035038664483628,base_link,0.22448110580444336,0.22206434607505798,0.7502865791320801,-0.33397355726104383,0.4041627372843616,-0.6845184272462331,0.5065063352037762
2511,1548035038702299520,base_link,0.22399207949638367,0.22125044465065002,0.744778037071228,-0.3323781283744878,0.4067680995295175,-0.6836987810676198,0.506577210057922
2512,1548035038751302200,base_link,0.22348974645137787,0.22087009251117706,0.7403167486190796,-0.3331948051826034,0.4059833769577766,-0.68444211575455,0.5056656104726936
2513,1548035038784413655,base_link,0.22312596440315247,0.22025370597839355,0.7364572882652283,-0.3332558807918256,0.40755476285769204,-0.6839672529527585,0.5050033961053453
2514,1548035038827476578,base_link,0.22201882302761078,0.21911972761154175,0.7309556007385254,-0.3327831148367327,0.407552037922378,-0.6839893086502973,0.5052874038772062
2515,1548035038873351308,base_link,0.22141559422016144,0.2189658135175705,0.7285323739051819,-0.333207147312759,0.40844462961678574,-0.683381327699216,0.5051098320850196
2516,1548035038910459970,base_link,0.22085770964622498,0.2186065912246704,0.7266472578048706,-0.3344284765845533,0.4071694157708024,-0.6840081939541733,0.5044833510768704
2517,1548035038960000064,base_link,0.22097007930278778,0.2183791697025299,0.7261016368865967,-0.3342011465821332,0.4084326061372888,-0.6834918968887189,0.504312627994333
2518,1548035038996842484,base_link,0.21996286511421204,0.21771296858787537,0.7236859202384949,-0.33316620662666985,0.40774392577897683,-0.6833014914740149,0.5058104798259226
2519,1548035039042553905,base_link,0.21904677152633667,0.21810036897659302,0.7214391827583313,-0.33188098047388265,0.4071101544749979,-0.6838930955770901,0.5063660442259358
2520,1548035039079085624,base_link,0.2184353470802307,0.21918153762817383,0.7211217880249023,-0.3312138633907929,0.4068068892348164,-0.6841714750422045,0.506670429675357
2521,1548035039120546057,base_link,0.21812349557876587,0.2201070785522461,0.7219020128250122,-0.3306692880813512,0.4076125855977686,-0.6840442129474047,0.5065504088590193
2522,1548035039163063679,base_link,0.21806123852729797,0.22052080929279327,0.7223631143569946,-0.33097488218667154,0.40690673750006306,-0.6855036056906271,0.5049429085785078
2523,1548035039204621716,base_link,0.21950362622737885,0.22135820984840393,0.7253124713897705,-0.33167917185862344,0.4084699961125636,-0.6857843213150576,0.5028330278227812
2524,1548035039249830874,base_link,0.21988694369792938,0.22044992446899414,0.7246190309524536,-0.3311456811721209,0.4084619536126319,-0.6861049766577179,0.5027537481685406
2525,1548035039288960069,base_link,0.22103574872016907,0.22041122615337372,0.725793719291687,-0.3311990958670642,0.4068336648441196,-0.6883454998886787,0.500973053995269
2526,1548035039328645071,base_link,0.22243019938468933,0.21961042284965515,0.7257130742073059,-0.3305593486343656,0.4091626165682095,-0.6876486353361796,0.5004556169669496
2527,1548035039371222268,base_link,0.22346343100070953,0.2185412347316742,0.7252775430679321,0.33037374146887977,-0.40840506910184476,0.689031878927573,-0.4992930605379065
2528,1548035039412243340,base_link,0.22408504784107208,0.21724124252796173,0.7230284810066223,0.32907303464901905,-0.4112030479179464,0.6878667377981755,-0.4994620528936834
2529,1548035039454313565,base_link,0.22461751103401184,0.21638497710227966,0.7217058539390564,0.32865656272317567,-0.41197411653906585,0.6882034720302745,-0.49863631252278323
2530,1548035039494928223,base_link,0.2237536907196045,0.21499890089035034,0.7170494198799133,-0.32640133855473324,0.41391574769013173,-0.686866782698368,0.5003498204550394
2531,1548035039543000686,base_link,0.2222503423690796,0.21456597745418549,0.7136344909667969,-0.324946642384955,0.4132011282967898,-0.6864348091853859,0.5024756311659573
2532,1548035039581341742,base_link,0.22003234922885895,0.21484702825546265,0.7135498523712158,-0.3241202734535482,0.41255496851205814,-0.6857572508195562,0.5044615339555796
2533,1548035039621630765,base_link,0.2184126079082489,0.2141081541776657,0.7114266753196716,-0.3255654670356416,0.4128099167047233,-0.6867820411340055,0.5019218338744721
2534,1548035039666733203,base_link,0.21803860366344452,0.21376226842403412,0.709046483039856,-0.3257183067631196,0.4109487818870088,-0.6887618678613893,0.5006353689912848
2535,1548035039701375696,base_link,0.2187078297138214,0.21403203904628754,0.7088817358016968,0.3264235080929974,-0.41300917406144116,0.6876631798837525,-0.49999046644662426
2536,1548035039748526069,base_link,0.21896809339523315,0.21377527713775635,0.7090401649475098,0.3266017509304369,-0.412980578561569,0.6882318784332363,-0.49911443530355204
2537,1548035039786283666,base_link,0.21904656291007996,0.21309886872768402,0.7070688605308533,0.32622634493321634,-0.41299389515927976,0.6885783023193541,-0.4988710615055518
2538,1548035039827069881,base_link,0.21927689015865326,0.21284978091716766,0.7063691020011902,0.32466289586421,-0.41517255777547263,0.6877292142600868,-0.4992537222419484
2539,1548035039876825113,base_link,0.21907775104045868,0.21247267723083496,0.7050475478172302,0.3252008470107931,-0.41455664011466103,0.6884747036902978,-0.49838718243837565
2540,1548035039909425055,base_link,0.21911735832691193,0.21225111186504364,0.7037367820739746,0.3241037194195665,-0.4145505736945617,0.6889064458960268,-0.4985102904763525
2541,1548035039961024858,base_link,0.21944639086723328,0.21245908737182617,0.703607976436615,0.3245336989230858,-0.4152265176906422,0.6886628620530173,-0.49800429686775743
2542,1548035039993549498,base_link,0.21973493695259094,0.21262432634830475,0.7038195133209229,0.3240370414769957,-0.41557621554783125,0.688844438482555,-0.49778483744830115
2543,1548035040040798808,base_link,0.21948514878749847,0.21258389949798584,0.7031125426292419,0.32291481575334496,-0.4161476992206233,0.6886515045001385,-0.4983033408979522
2544,1548035040080428740,base_link,0.21868810057640076,0.21279363334178925,0.7028440237045288,0.32158572796453483,-0.41643464801645647,0.6889162755701862,-0.4985570867568062
2545,1548035040117781699,base_link,0.21811382472515106,0.2126942276954651,0.7016491889953613,0.3227455543088764,-0.4159332553839539,0.6895258357353236,-0.49738210270682875
2546,1548035040163690476,base_link,0.21675346791744232,0.2121291309595108,0.6967210173606873,0.32062643264421675,-0.4151862662554421,0.6902329068864644,-0.49839501327137076
2547,1548035040201640051,base_link,0.21679477393627167,0.21264712512493134,0.6968083381652832,0.3228886147276689,-0.4156489974099872,0.6896493688329647,-0.49735560869423495
2548,1548035040252220217,base_link,0.21626459062099457,0.21186862885951996,0.6945573091506958,0.32338128560476026,-0.4145576730073062,0.6901616619991207,-0.4972357189281472
2549,1548035040286351571,base_link,0.2163003385066986,0.21182426810264587,0.6926846504211426,0.3231966923953674,-0.4142072215714531,0.6910886321051498,-0.4963595251405823
2550,1548035040324382022,base_link,0.2164374440908432,0.21178634464740753,0.6902432441711426,0.3225287313394341,-0.4135390034989644,0.6920629998472232,-0.495993461940902
2551,1548035040369558364,base_link,0.21692600846290588,0.21247637271881104,0.6892275810241699,0.3222737805833999,-0.4150355206195987,0.6916399340182527,-0.49549907027534207
2552,1548035040409666689,base_link,0.21767911314964294,0.21298769116401672,0.6903356313705444,0.32140577917319674,-0.4163530153203529,0.6919031138984851,-0.49458929701854676
2553,1548035040457365355,base_link,0.21898618340492249,0.2131124585866928,0.6921312808990479,0.32259381922670693,-0.4154339164403937,0.6933600135891471,-0.492544191340615
2554,1548035040496546876,base_link,0.219964861869812,0.21260236203670502,0.6927897334098816,0.32251297879715396,-0.41807519546896205,0.6917595430571262,-0.4926126714066251
2555,1548035040536754067,base_link,0.21887816488742828,0.2109299600124359,0.6887212991714478,0.32104777961565645,-0.41863995977089874,0.6905775100243503,-0.4947439842337101
2556,1548035040577019938,base_link,0.21713131666183472,0.21016810834407806,0.6860125660896301,0.3203120928599919,-0.4184767439216174,0.6900229029609986,-0.4961308006500798
2557,1548035040621004046,base_link,0.21603013575077057,0.20941543579101562,0.6846872568130493,0.3209267896604728,-0.41840412204163563,0.6897201829504724,-0.49621573490525034
2558,1548035040668381191,base_link,0.2159019261598587,0.20923994481563568,0.6839579939842224,0.3223959723268602,-0.41648567514625384,0.6915151230250532,-0.49437572154489245
2559,1548035040706113063,base_link,0.21554185450077057,0.20833179354667664,0.681630551815033,0.3207916478990826,-0.41744481698627794,0.6902556280541027,-0.49636650909294844
2560,1548035040749683869,base_link,0.2160530835390091,0.20851102471351624,0.68336021900177,0.3227712731219251,-0.417561967454321,0.689989875223828,-0.49535308686989565
2561,1548035040788396888,base_link,0.21672660112380981,0.20829904079437256,0.6845139265060425,0.32313090349243906,-0.41761881735156103,0.6901919863615363,-0.49478880804274494
2562,1548035040833524573,base_link,0.21780192852020264,0.20759063959121704,0.6850093007087708,0.32263536104981894,-0.41763350087129253,0.6907999601400527,-0.4942510473643355
2563,1548035040872874184,base_link,0.2185862809419632,0.20706890523433685,0.6859666705131531,0.3216797037465279,-0.41925816032567753,0.6905368652603915,-0.49386597464719767
2564,1548035040912847720,base_link,0.21895194053649902,0.20614691078662872,0.6845666766166687,0.319912572360867,-0.41913473189945527,0.6916242511139573,-0.49359691837782227
2565,1548035040956126222,base_link,0.22041794657707214,0.2064235657453537,0.6874067783355713,0.3198681994044624,-0.42175726088760307,0.6909622942373266,-0.49231723089957313
2566,1548035040995730087,base_link,0.22062896192073822,0.20554016530513763,0.6859935522079468,0.31950930395035254,-0.4205053754558063,0.6917990316575493,-0.4924460718694076
2567,1548035041039182883,base_link,0.22114619612693787,0.20528170466423035,0.6868546009063721,0.3184279566027024,-0.4228079018767818,0.6904241640325949,-0.4931040339363223
2568,1548035041075607939,base_link,0.22129850089550018,0.2045554369688034,0.6868354082107544,0.3192980658138161,-0.42184205691025656,0.6905819574023656,-0.4931476293156007
2569,1548035041120855765,base_link,0.2215118706226349,0.20406730473041534,0.6861262917518616,0.3194312233639475,-0.4223073417671375,0.6903786212767902,-0.4929478287950403
2570,1548035041161228134,base_link,0.22180475294589996,0.20380601286888123,0.6866124868392944,0.3198728228890145,-0.4221787204160236,0.6906005096654776,-0.4924605986824578
2571,1548035041200135683,base_link,0.22217606008052826,0.20382577180862427,0.686543345451355,0.31971975922142126,-0.4223192578974261,0.6902802861795654,-0.4928882697774627
2572,1548035041247433254,base_link,0.2226332575082779,0.20392335951328278,0.6870380640029907,0.3199641240429854,-0.4223161267682826,0.6901370200641999,-0.49293299943678665
2573,1548035041292363325,base_link,0.22382482886314392,0.20538657903671265,0.6911477446556091,0.3206772180576786,-0.4235738841137816,0.6889029431287146,-0.4931166408306941
2574,1548035041330006003,base_link,0.22614678740501404,0.2062082141637802,0.696620762348175,0.32201705787575424,-0.42307031069779016,0.6897774539367423,-0.4914504966765866
2575,1548035041368219200,base_link,0.22922781109809875,0.20714634656906128,0.7019000053405762,0.3225874698397066,-0.42234970536653826,0.6908503414011491,-0.49018757273632557
2576,1548035041412831515,base_link,0.23185688257217407,0.20724698901176453,0.7049590945243835,0.3218948620787712,-0.4247628563703233,0.6893022741601706,-0.4907367812310688
2577,1548035041458755841,base_link,0.2343231439590454,0.2084127813577652,0.7095533609390259,0.32089156370637745,-0.4274830195081165,0.6878056652327355,-0.4911315905620952
2578,1548035041492925832,base_link,0.23663002252578735,0.2103935033082962,0.7151473164558411,0.3188703417025607,-0.42951779209377294,0.686550368715998,-0.4924274186855459
2579,1548035041542709123,base_link,0.239848330616951,0.21348142623901367,0.724952757358551,0.31873386214867033,-0.43031203935409107,0.6873286634238787,-0.49073371836736485
2580,1548035041582633967,base_link,0.24543650448322296,0.21672236919403076,0.7387858629226685,0.3195100624479898,-0.4302059358548062,0.6889575395767717,-0.48803041033330397
2581,1548035041617357375,base_link,0.25269815325737,0.22018449008464813,0.7541905641555786,0.31928335837340344,-0.4217470817268242,0.6968350033490589,-0.4843640306920255
2582,1548035041665200312,base_link,0.2588922679424286,0.22124548256397247,0.7607955932617188,0.3176743862607811,-0.4276650370422573,0.6954261285446279,-0.4822531494380429
2583,1548035041706657796,base_link,0.26155999302864075,0.22157099843025208,0.7617114186286926,0.31379661268148784,-0.4398124066635264,0.6889244284370637,-0.4831975421265369
2584,1548035041747503507,base_link,0.26443055272102356,0.22244851291179657,0.7658752202987671,0.31335307422940784,-0.4428796890151887,0.6870684431661974,-0.48332637661725714
2585,1548035041789086201,base_link,0.26740166544914246,0.22458960115909576,0.7702800035476685,0.31287737904786134,-0.4419253896804015,0.6887412887652719,-0.4821256400420108
2586,1548035041828602387,base_link,0.27277830243110657,0.22717460989952087,0.776768147945404,0.3162411324244129,-0.435539386389766,0.6934059222258226,-0.47904615235727277
2587,1548035041870733106,base_link,0.2773379683494568,0.2272881120443344,0.7803816199302673,0.3172559284959346,-0.4377964782657758,0.6924231100630541,-0.47773753892998
2588,1548035041909518355,base_link,0.2820601165294647,0.22732914984226227,0.7841997742652893,0.3187996527463581,-0.43445224826814377,0.695639706529237,-0.47508254449461046
2589,1548035041956845727,base_link,0.2913978099822998,0.22872060537338257,0.795590877532959,0.32437440414043633,-0.4193745605113219,0.7059869329028676,-0.46956221579773044
2590,1548035041998123254,base_link,0.2940310835838318,0.22437578439712524,0.7882058620452881,0.6557518827221068,-0.6250954818550905,0.4185523678363428,0.06371045635808431
2591,1548035042043937765,base_link,0.2967941164970398,0.22119182348251343,0.7868223190307617,0.318917530039138,-0.4666094184771217,0.6788776151942951,-0.4687136046780428
2592,1548035042082489358,base_link,0.29845568537712097,0.21801069378852844,0.7873157858848572,0.31839301144923715,-0.46772050700590345,0.6787457468952436,-0.4681534242724756
2593,1548035042121364894,base_link,0.2968750596046448,0.214525505900383,0.7831281423568726,0.31385611792581125,-0.47409856180349114,0.6726918461831659,-0.4735087866292287
2594,1548035042165404975,base_link,0.2938474416732788,0.21393723785877228,0.7804666757583618,0.31048303359246604,-0.4657770091592331,0.6766632391408558,-0.4783083988237132
2595,1548035042205321669,base_link,0.29206669330596924,0.2164829671382904,0.7829594612121582,0.3096324707203143,-0.4562197379824647,0.680397543144388,-0.48275300831162676
2596,1548035042246808627,base_link,0.2897164821624756,0.21944372355937958,0.7849013805389404,0.3100655990627269,-0.4569950703995992,0.6792428527281571,-0.48336733125652254
2597,1548035042285763651,base_link,0.2891615629196167,0.22241003811359406,0.7889200448989868,0.3130208312827206,-0.45608631551164486,0.6791389531258886,-0.48246607583659074
2598,1548035042334534678,base_link,0.28827783465385437,0.22567838430404663,0.7939416170120239,0.3135802717483068,-0.4506797336731155,0.6798527659288955,-0.486163971809325
2599,1548035042370458928,base_link,0.2858802378177643,0.228584885597229,0.796779990196228,0.31420190251150043,-0.4420315907033062,0.6817244260145809,-0.49105706822481293
2600,1548035042414887572,base_link,0.2834746241569519,0.23040170967578888,0.7966495752334595,0.31667736086831,-0.4495390513804478,0.6782758365924835,-0.48741356145701975
2601,1548035042455635925,base_link,0.2820650339126587,0.2328082025051117,0.7975717782974243,0.31741244447007,-0.44051180686393465,0.6805085203626041,-0.4920435365116642
2602,1548035042496716156,base_link,0.28012174367904663,0.23644685745239258,0.801592230796814,0.31987517928654363,-0.43334791796650923,0.6822549988468536,-0.49438605180463263
2603,1548035042544554311,base_link,0.2763098180294037,0.2384093552827835,0.800805389881134,0.3210324727626638,-0.4333597526958509,0.680946275547455,-0.49542874966369277
2604,1548035042577157884,base_link,0.27436360716819763,0.2407422959804535,0.8026190400123596,0.3242438818998526,-0.43244782024663503,0.6792500182070248,-0.4964616808779958
2605,1548035042619620751,base_link,0.2709971070289612,0.24206626415252686,0.8020316958427429,-0.32380480444916454,0.426068122362913,-0.6804596773951815,0.500590682255499
2606,1548035042667206181,base_link,0.2687089741230011,0.24463020265102386,0.8043652176856995,0.3287245667151441,-0.42625186578671864,0.6790272048601388,-0.49917087376078845
2607,1548035042700934149,base_link,0.2654314339160919,0.2461218535900116,0.8034340143203735,-0.32967007800523956,0.4213400526480037,-0.6794695126911631,0.5021069418219883
2608,1548035042751143783,base_link,0.26261094212532043,0.24770808219909668,0.8028627634048462,-0.33235564837277665,0.42255074269117754,-0.6777695950196129,0.501616356305091
2609,1548035042786070354,base_link,0.26049262285232544,0.24937690794467926,0.8018761873245239,-0.33501194687675095,0.42096123587889867,-0.6770271273861794,0.502188114276291
2610,1548035042831751119,base_link,0.25755617022514343,0.25113677978515625,0.8007429838180542,-0.3356876258368525,0.409893024516934,-0.6793202510299524,0.5077652241469277
2611,1548035042870659132,base_link,0.25378599762916565,0.25429439544677734,0.7983660697937012,-0.3377139111511765,0.4075445073494436,-0.6796380291580596,0.5078867374389915
2612,1548035042912485336,base_link,0.250476211309433,0.256422758102417,0.7962130308151245,-0.33925976549403297,0.40844147303471146,-0.6782934625684868,0.5079334141981818
2613,1548035042959088466,base_link,0.24977634847164154,0.25923219323158264,0.7994699478149414,-0.34349989823019816,0.4124893895873851,-0.6768935971637442,0.5036619714772961
2614,1548035042997568678,base_link,0.2502955496311188,0.2616407871246338,0.8047855496406555,-0.3444195150680628,0.41474248459207236,-0.6756951408480341,0.502792149649366
2615,1548035043042787882,base_link,0.25073811411857605,0.2620622217655182,0.8074564933776855,-0.34599150367280873,0.4130959968650736,-0.6765279809747126,0.5019476742834451
2616,1548035043081094716,base_link,0.2504047155380249,0.2634030878543854,0.8084750175476074,-0.34516713405134675,0.4111531481196466,-0.676661272761102,0.5039268402331921
2617,1548035043120017871,base_link,0.24974940717220306,0.265089213848114,0.8108067512512207,-0.34579749739344323,0.41083635491759407,-0.6762876332514354,0.5042545164751908
2618,1548035043166133455,base_link,0.2486630231142044,0.26600098609924316,0.8118838667869568,-0.3463883979777925,0.4095119056105048,-0.6765686596995014,0.5045492301273006
2619,1548035043206088775,base_link,0.24730393290519714,0.2671252191066742,0.813332200050354,-0.34599215276179746,0.4060765873946257,-0.6767446034604135,0.5073538972792067
2620,1548035043249643798,base_link,0.24656468629837036,0.2681303322315216,0.8167696595191956,-0.34861240949094674,0.4092973480870223,-0.6751901866643016,0.5050379001917314
2621,1548035043291024646,base_link,0.24544759094715118,0.2676086127758026,0.8158469796180725,-0.34865163456805354,0.4077138527536673,-0.6756208610473076,0.505715240133694
2622,1548035043333591425,base_link,0.24494978785514832,0.26799246668815613,0.816118597984314,-0.35063963565508727,0.40655220283660304,-0.6757543813997505,0.5050971869803019
2623,1548035043372171571,base_link,0.24337629973888397,0.2672209143638611,0.8125317096710205,-0.3507200467012771,0.4041201334191149,-0.6765161799235759,0.5059725535133133
2624,1548035043410530880,base_link,0.24216218292713165,0.26760897040367126,0.8108831644058228,-0.3509570282630591,0.4028055004449214,-0.6764047474787394,0.5070044484147077
2625,1548035043457976062,base_link,0.24189181625843048,0.26838400959968567,0.8118067383766174,-0.3525992658459995,0.40373644290748023,-0.676129461628838,0.5054894593468535
2626,1548035043498680224,base_link,0.24013137817382812,0.2676387429237366,0.8077548742294312,-0.3514280661545964,0.40094102326942865,-0.6760845646377412,0.5085806441825129
2627,1548035043541506553,base_link,0.23863588273525238,0.2687036693096161,0.8081585168838501,-0.3537309612073558,0.39863703596084216,-0.6759336283808829,0.5089957275533151
2628,1548035043579629734,base_link,0.2382490187883377,0.26990604400634766,0.8115111589431763,-0.35714218436704365,0.39992434112636405,-0.674137471430065,0.5079848926238444
2629,1548035043624414587,base_link,0.2371610701084137,0.2688741683959961,0.8099839091300964,-0.35908173437285934,0.39641669734133383,-0.6743062980270804,0.5091415584587292
2630,1548035043662857222,base_link,0.23496238887310028,0.26905959844589233,0.8079665899276733,-0.3574297335320553,0.3881151590381818,-0.6750703254366309,0.5156458713369597
2631,1548035043704140042,base_link,0.23270542919635773,0.2703733444213867,0.8101440072059631,-0.35914676178966487,0.3867033905645006,-0.674207962342659,0.5166407985589953
2632,1548035043747107653,base_link,0.22989463806152344,0.27042046189308167,0.8092042207717896,-0.36134447447391266,0.38575082715718023,-0.67365221236821,0.5165454160924664
2633,1548035043785210362,base_link,0.2284800410270691,0.27176690101623535,0.8111856579780579,-0.36285180341449735,0.3840217793147102,-0.6732833161996359,0.5172575933691371
2634,1548035043831265074,base_link,0.22730983793735504,0.27280136942863464,0.8130730390548706,-0.36577911689542647,0.38498069471160823,-0.6722928287036689,0.5157691875405015
2635,1548035043873467007,base_link,0.2263408750295639,0.27342987060546875,0.8143860697746277,-0.36593918004385234,0.3818243091404493,-0.6722935204898792,0.517996270030563
2636,1548035043911927432,base_link,0.22491240501403809,0.27472248673439026,0.8171436190605164,-0.36663615547640094,0.3786662605428303,-0.6718972928647915,0.5203304915771885
2637,1548035043956996636,base_link,0.22339695692062378,0.27512669563293457,0.8190566301345825,-0.36916399094774166,0.3789238824529863,-0.6710266866890964,0.5194784161496454
2638,1548035043996752377,base_link,0.22196419537067413,0.27527812123298645,0.820263683795929,-0.3713592644194496,0.376832278894611,-0.6701805019100627,0.5205264884446476
2639,1548035044040977897,base_link,0.21989236772060394,0.2746208906173706,0.8182817101478577,-0.37145853143798035,0.3739882887752557,-0.6701461408444288,0.5225470975828057
2640,1548035044081100677,base_link,0.21920187771320343,0.2751953601837158,0.8191558122634888,-0.37451553666286674,0.37353046652772304,-0.6702936470936044,0.5204993083949886
2641,1548035044122541617,base_link,0.21828579902648926,0.2746261656284332,0.8181217312812805,-0.3750255072896462,0.37195931005144683,-0.6701683170844579,0.5214178433122336
2642,1548035044163708828,base_link,0.21680209040641785,0.2742462456226349,0.8164228200912476,-0.37644300064911485,0.37081906545587767,-0.6694026437081381,0.5221915247811627
2643,1548035044202937851,base_link,0.2154190093278885,0.2728706896305084,0.812900185585022,-0.3787667640909225,0.36815822971896706,-0.6699271259039737,0.5217210962653596
2644,1548035044249962178,base_link,0.21350175142288208,0.2708011269569397,0.8055394291877747,-0.3790281743791489,0.365603501619913,-0.670741534164473,0.5222810708581703
2645,1548035044288351073,base_link,0.2115994095802307,0.26971739530563354,0.797203540802002,-0.37976380069444604,0.36380050218287263,-0.6703466509059554,0.5235112395285969
2646,1548035044331637216,base_link,0.20880624651908875,0.26860561966896057,0.788036584854126,-0.3811099550120401,0.361969478789301,-0.6701804539509053,0.5240147495613859
2647,1548035044370944846,base_link,0.20614442229270935,0.2674731910228729,0.7788397669792175,-0.3822499834811135,0.36022976146673835,-0.6697514563947923,0.524930905681271
2648,1548035044414533310,base_link,0.20243915915489197,0.2662772834300995,0.7676697969436646,-0.383382704069865,0.3538913305501676,-0.670316093483121,0.5276883201275526
2649,1548035044456550016,base_link,0.1977917104959488,0.2647155523300171,0.7584676742553711,0.6927682997395724,-0.593313164697729,0.40930645580427105,-0.022799050621756606
2650,1548035044496853225,base_link,0.1936848908662796,0.2629687786102295,0.7488129734992981,0.6949252595248021,-0.5937250387206203,0.4050336107149102,-0.022742828800016116
2651,1548035044538907651,base_link,0.18945454061031342,0.26143842935562134,0.7408844828605652,0.6960828610028859,-0.5941401587462685,0.4022875725115781,-0.025116356936022644
2652,1548035044582835574,base_link,0.18533410131931305,0.26045939326286316,0.7357715964317322,0.6972042002413676,-0.594065271608016,0.40019757492496927,-0.028890435428744716
2653,1548035044616249375,base_link,0.18150079250335693,0.25864309072494507,0.7293035984039307,0.6976172190814408,-0.5936637693138254,0.39967493261548265,-0.03396311063473872
2654,1548035044664879129,base_link,0.17862893640995026,0.2577824890613556,0.723662793636322,0.697066867151818,-0.5944555773855845,0.39918359933716097,-0.03705135968557743
2655,1548035044700134134,base_link,0.17735053598880768,0.2580217719078064,0.7201189398765564,0.6958331548797724,-0.5960584167531878,0.3986295139688665,-0.04031246681476088
2656,1548035044746278711,base_link,0.1781507283449173,0.26006269454956055,0.7196005582809448,0.693966784795014,-0.5973702032909929,0.40005799050092156,-0.03889146510113882
2657,1548035046206688759,base_link,0.2172124981880188,0.27095624804496765,0.9063645005226135,-0.4045119142343748,0.3564103273005957,-0.6397078848988981,0.5478280860216113
2658,1548035046251016960,base_link,0.22258368134498596,0.2735963761806488,0.9309895634651184,-0.4073918174513517,0.3686658684629508,-0.634728984394601,0.5433566976430318
2659,1548035046291212000,base_link,0.22183412313461304,0.266715407371521,0.9249559640884399,-0.3998326716885815,0.3514762120502012,-0.6451895325235504,0.5480226036718331
2660,1548035046331989367,base_link,0.21893388032913208,0.25627219676971436,0.9012231230735779,-0.39307381852178924,0.34127478065432154,-0.651677703324141,0.5516707970087025
2661,1548035046374917756,base_link,0.22524498403072357,0.2584926187992096,0.9211416840553284,-0.3961149987138738,0.35569794505123303,-0.6449081484435035,0.5483296086765784
2662,1548035046410463064,base_link,0.2229841649532318,0.25111284852027893,0.9073917865753174,-0.390894849877503,0.3480005684232741,-0.6488772086640306,0.5523180141844902
2663,1548035046460793086,base_link,0.22342219948768616,0.24895460903644562,0.9044217467308044,-0.38858625920382284,0.3459373690868188,-0.6513062520189979,0.552384125322438
2664,1548035046496885855,base_link,0.22621862590312958,0.2491210699081421,0.9126928448677063,-0.39014730653322544,0.3543068570142965,-0.6458495229828158,0.552385846976902
2665,1548035046544067626,base_link,0.22342625260353088,0.24488215148448944,0.9021977186203003,-0.38720440223519415,0.3474646674790256,-0.6498474560642625,0.5541113061382007
2666,1548035046578190529,base_link,0.22526434063911438,0.24639423191547394,0.9098365902900696,-0.3882744297147988,0.35030612052798693,-0.648631926316774,0.5529965762216529
2667,1548035046619212340,base_link,0.22676695883274078,0.24671487510204315,0.9179208874702454,-0.3891214357403399,0.3516438945607594,-0.6468189135699657,0.5536753315018536
2668,1548035046664536676,base_link,0.2263220101594925,0.24570243060588837,0.9200428128242493,-0.38615401067745614,0.3498085411458046,-0.6475031446236268,0.5561103687953265
2669,1548035046702687135,base_link,0.22780531644821167,0.24719120562076569,0.9301131963729858,-0.386507103919112,0.3496423573653077,-0.6469383892262289,0.5566266262958174
2670,1548035046749887361,base_link,0.22932571172714233,0.24802127480506897,0.9396584033966064,-0.38785185923637144,0.3473504245220375,-0.6480588864704994,0.5558221815813642
2671,1548035046787569630,base_link,0.23215000331401825,0.24982871115207672,0.9464096426963806,-0.38625438742943985,0.3463015886002138,-0.6490564499335554,0.5564247323080871
2672,1548035046834075189,base_link,0.23289945721626282,0.2522788643836975,0.9535204172134399,-0.38376032948030625,0.3449255949692737,-0.6473124364522054,0.561017783199935
2673,1548035046871994074,base_link,0.23313264548778534,0.2553052604198456,0.962098240852356,-0.3841066102751594,0.34501274102579405,-0.6470935938345918,0.5609796799270252
2674,1548035046912812390,base_link,0.23481135070323944,0.25817885994911194,0.9741572141647339,-0.3877025767051832,0.3474109459244027,-0.6471066912609872,0.556996657793681
2675,1548035046957419807,base_link,0.23709642887115479,0.25991132855415344,0.9863554835319519,-0.3873685880614764,0.34865996562341733,-0.6459926029343428,0.5577413041086776
2676,1548035046995793499,base_link,0.24084043502807617,0.2624901533126831,1.0033756494522095,-0.3889865997760588,0.35132385453771764,-0.64461702728092,0.5565337928346586
2677,1548035047041550425,base_link,0.23913536965847015,0.2606862187385559,1.0019807815551758,-0.38570321176761885,0.3457933813724113,-0.6466452153569529,0.5599195793032579
2678,1548035047080727482,base_link,0.24047841131687164,0.2639818787574768,1.0103265047073364,-0.3845684320054869,0.3471523026081979,-0.6486268369437661,0.5575622174206142
2679,1548035047119800158,base_link,0.2455449253320694,0.2727077603340149,1.0278414487838745,-0.38703707402242643,0.35119411052944116,-0.6480671605024805,0.5539620524366682
2680,1548035047164136987,base_link,0.24579578638076782,0.2783192992210388,1.0310641527175903,-0.38292853980928954,0.34625467175554253,-0.6480169915585513,0.559953046548004
2681,1548035047204383736,base_link,0.2456025779247284,0.28715717792510986,1.0425055027008057,-0.38262870535635524,0.34916888866998474,-0.6442079351043288,0.5627366145639578
2682,1548035047247073555,base_link,0.24655824899673462,0.29868507385253906,1.0556131601333618,-0.3897880442562894,0.3515545297653273,-0.6425620127998928,0.5582013551245533
2683,1548035047289101284,base_link,0.24282822012901306,0.3003373444080353,1.0419608354568481,-0.39134832569493644,0.34068148905048157,-0.6494435672452356,0.5558827789722399
2684,1548035047334298846,base_link,0.2417616844177246,0.30358946323394775,1.043552041053772,-0.3809069934866724,0.3280062206756542,-0.6505897712728943,0.5692580531060597
2685,1548035047369164607,base_link,0.2404203563928604,0.309638112783432,1.0548657178878784,-0.3911092955852731,0.3343220906345242,-0.6496757920830395,0.5596281120546286
2686,1548035047413990650,base_link,0.24486015737056732,0.3163011074066162,1.069185733795166,-0.39447598503036474,0.33342009985763893,-0.6525175263523657,0.554473274421983
2687,1548035047456156871,base_link,0.24523043632507324,0.3195628523826599,1.0728423595428467,-0.39385672899080093,0.32997397297562786,-0.6506508687452254,0.5591489078845011
2688,1548035047496474580,base_link,0.24442143738269806,0.322651207447052,1.0793832540512085,-0.3897098916617295,0.32313651713667396,-0.6501829878227412,0.5665430910175112
2689,1548035047539083486,base_link,0.24036765098571777,0.32436004281044006,1.0835094451904297,-0.387616736596872,0.3166072820177964,-0.6502983824951216,0.571511249414675
2690,1548035047582813469,base_link,0.2366952896118164,0.3242601752281189,1.0823806524276733,-0.39396021238162954,0.32548585181147316,-0.6467200629707303,0.566222104374172
2691,1548035047617011115,base_link,0.23716925084590912,0.32727834582328796,1.0883313417434692,-0.39674696549719946,0.3262155371789418,-0.6471334290113455,0.5633769552687046
2692,1548035047662051399,base_link,0.2381317913532257,0.3306531012058258,1.101844072341919,-0.3938694638289942,0.3186004197023207,-0.6465864467706341,0.5703390087317297
2693,1548035047705460839,base_link,0.23786668479442596,0.3343437612056732,1.1234081983566284,-0.4049214183852474,0.3241501827963867,-0.6411401716921122,0.5656010821847473
2694,1548035047747089908,base_link,0.23700571060180664,0.3302457630634308,1.1184860467910767,-0.4025482333913449,0.31318803553223434,-0.6502306839547595,0.5630881208449466
2695,1548035047790819029,base_link,0.2397238314151764,0.3305913507938385,1.1217646598815918,-0.4009196625427561,0.3200341207547873,-0.6439879194438157,0.5675571736395715
2696,1548035047828996530,base_link,0.23970246315002441,0.33514073491096497,1.1425073146820068,0.7130589130994646,-0.5990870589799506,0.3532469848304987,-0.08864677050138196
2697,1548035047868114224,base_link,0.23812930285930634,0.3337342143058777,1.1466801166534424,-0.405468506198647,0.3206718589171541,-0.6399793622609169,0.5684991339129419
2698,1548035047909978764,base_link,0.2385154515504837,0.33199042081832886,1.1460915803909302,-0.4051558700420708,0.31515058017258,-0.6435925505566731,0.5677300957808163
2699,1548035047955061862,base_link,0.23967692255973816,0.3337292969226837,1.1542600393295288,-0.4052455946392971,0.3170050071056188,-0.6420645821852837,0.5683633571920752
2700,1548035047994464715,base_link,0.2396450638771057,0.33429133892059326,1.1581223011016846,-0.40407966367600506,0.31487658738178254,-0.6437479645306358,0.5684724428544913
2701,1548035048039681181,base_link,0.24084655940532684,0.3383859694004059,1.167848825454712,-0.40623247520145034,0.3194133755229782,-0.6434128016572044,0.5647745021620109
2702,1548035048082841072,base_link,0.24067920446395874,0.3379910886287689,1.1612285375595093,-0.40276813078596013,0.31427713935113577,-0.6454448334934981,0.5678104256008346
2703,1548035048118115604,base_link,0.24494406580924988,0.3432156443595886,1.1848089694976807,-0.40729887574670426,0.3179674053247702,-0.6412783747407534,0.567244568996797
2704,1548035048164279286,base_link,0.24082553386688232,0.33818894624710083,1.1705271005630493,-0.4064561282169209,0.3128916545730152,-0.6441025075943864,0.5674717508776045
2705,1548035048205219108,base_link,0.24233713746070862,0.3405036926269531,1.1782108545303345,-0.4076781529184691,0.3150982318642889,-0.6429540852325882,0.5666759851905755
2706,1548035048250212622,base_link,0.24178126454353333,0.33836156129837036,1.1733125448226929,-0.40556160140360614,0.3125227491968157,-0.6440267193141073,0.5684003021734899
2707,1548035048286331006,base_link,0.23966267704963684,0.3382815420627594,1.1696807146072388,-0.4015612054210434,0.3100295574003193,-0.6417847534090849,0.5751022536302574
2708,1548035048332714746,base_link,0.2371307611465454,0.33842435479164124,1.1665304899215698,-0.40273675207130716,0.3119120913629464,-0.6410618703278967,0.5740676216303667
2709,1548035048370438151,base_link,0.23761506378650665,0.3402367830276489,1.1733367443084717,-0.4073621062892762,0.31193061507515474,-0.6420104585521013,0.5697174535224636
2710,1548035048411130302,base_link,0.23801353573799133,0.33966150879859924,1.1737810373306274,-0.40424806755402026,0.3023391316446313,-0.6479898618718732,0.5703364693463686
2711,1548035048454418230,base_link,0.24030452966690063,0.33936917781829834,1.1735283136367798,-0.40595435082979414,0.3091402918330785,-0.6436745923821604,0.5703651147549077
2712,1548035048500555296,base_link,0.24018608033657074,0.3401736915111542,1.1773680448532104,-0.4044576906479671,0.31189346873523865,-0.6413506317128221,0.5725432803182464
2713,1548035048539558946,base_link,0.23993974924087524,0.3393550217151642,1.1752208471298218,-0.4048074930942472,0.30654024516529743,-0.6449770224536938,0.571111733494872
2714,1548035048584850476,base_link,0.24135123193264008,0.34050607681274414,1.1781466007232666,-0.40425754312686973,0.3107292322438367,-0.6435358373103881,0.5708632140464128
2715,1548035048619827688,base_link,0.24034930765628815,0.3413233757019043,1.1807090044021606,-0.40449896877251934,0.3115707889467572,-0.6419052564310251,0.572068063698091
2716,1548035048665242865,base_link,0.2400040328502655,0.34092971682548523,1.1787182092666626,-0.4053739897726338,0.31000690820829746,-0.6430549423455175,0.5710061176589549
2717,1548035048705206620,base_link,0.23954220116138458,0.3417004346847534,1.1790714263916016,-0.4033000743465742,0.3097243980203698,-0.6429802969608672,0.5727095119020486
2718,1548035048747959967,base_link,0.23864799737930298,0.34205690026283264,1.178562879562378,-0.40650912416710727,0.3087151787763078,-0.6443938352753688,0.5693872631356485
2719,1548035048787086526,base_link,0.2388446033000946,0.3424427807331085,1.1780096292495728,-0.40369356676138196,0.30988591001084786,-0.6450330270639621,0.5700303684269146
2720,1548035048831367792,base_link,0.23905308544635773,0.34313198924064636,1.177515983581543,-0.4014864645485455,0.313749272174495,-0.6430595458173101,0.5717030991060997
2721,1548035048871744468,base_link,0.24221518635749817,0.34493085741996765,1.1879678964614868,-0.4053000271087977,0.30814138575522765,-0.6456708184871255,0.5691133178591249
2722,1548035048910333462,base_link,0.24303996562957764,0.3433513939380646,1.1842230558395386,-0.40509430735339214,0.3082804308889533,-0.6468736979061184,0.567817045392317
2723,1548035048959034971,base_link,0.24309279024600983,0.3434694707393646,1.1831060647964478,-0.40513317152241896,0.31031089766234704,-0.6457735407971269,0.5679355545574839
2724,1548035048996089660,base_link,0.24332036077976227,0.34331992268562317,1.1825785636901855,-0.4062169797211858,0.3086645154095827,-0.6482409893047814,0.5652411893150783
2725,1548035049038790572,base_link,0.24356471002101898,0.34277668595314026,1.17972993850708,-0.40438706928718243,0.31205425898876926,-0.6466710714822339,0.5664889786644688
2726,1548035049078143747,base_link,0.24231499433517456,0.3425414264202118,1.1737068891525269,-0.4010773960869678,0.3135924191583353,-0.64608892700189,0.5686526315775446
2727,1548035049122421305,base_link,0.24255269765853882,0.3429296910762787,1.176190733909607,-0.4005231933511266,0.3146177501772803,-0.6467940566240605,0.5676744588027494
2728,1548035049163883085,base_link,0.2430061399936676,0.3428417444229126,1.1745424270629883,-0.4017684518488948,0.31413022987140193,-0.6464302780215461,0.567478814967457
2729,1548035049203914164,base_link,0.2420344203710556,0.3435547649860382,1.1725127696990967,-0.40060671761731964,0.3133023483597227,-0.6462708558405226,0.568937498503411
2730,1548035049248367428,base_link,0.2397078275680542,0.34420719742774963,1.1707202196121216,-0.39893676256499105,0.3105547341975915,-0.6450025626772183,0.5730418053523217
2731,1548035049292707457,base_link,0.23773212730884552,0.34578633308410645,1.1692650318145752,-0.4002299308085415,0.31284068916845603,-0.6448116532922434,0.5711082537173835
2732,1548035049333610342,base_link,0.23563896119594574,0.3454570472240448,1.1639208793640137,-0.40134408926676973,0.3132359366348797,-0.6455887373057323,0.5692287345831089
2733,1548035049368695138,base_link,0.23478469252586365,0.345636248588562,1.1640959978103638,-0.4006046719760524,0.31443023935682474,-0.6453935024630945,0.5693125225633011
2734,1548035049416395875,base_link,0.2342582792043686,0.346507728099823,1.1641912460327148,-0.4015238857656181,0.3134990312233839,-0.6461067930224856,0.5683686643296564
2735,1548035049454432642,base_link,0.23437874019145966,0.34770989418029785,1.1673176288604736,-0.4006230060789938,0.31556452048148065,-0.6454718478775748,0.5685827415698022
2736,1548035049494815209,base_link,0.2346053123474121,0.3488481938838959,1.1727423667907715,0.7059800791955688,-0.6037562905450643,0.3586644318507225,-0.09181663646355538
2737,1548035049541575238,base_link,0.23546108603477478,0.3499699831008911,1.1754227876663208,0.7038742774542122,-0.6173704747542593,0.33949936394546165,-0.09030437597723821
2738,1548035049579037901,base_link,0.23589444160461426,0.3501981496810913,1.177139163017273,0.7049761990503273,-0.6160256623990462,0.33976531132891086,-0.08989146375456422
2739,1548035049619404720,base_link,0.23578202724456787,0.35049110651016235,1.176745891571045,0.7068562333307764,-0.6082778007293732,0.348368616540616,-0.09482451977648548
2740,1548035049663862997,base_link,0.23580609261989594,0.3522631525993347,1.1792093515396118,0.7089475116287319,-0.6053107748260248,0.3497298290804879,-0.0931736995416585
2741,1548035049707293381,base_link,0.23570775985717773,0.35426080226898193,1.1816481351852417,0.7051488395600197,-0.6138284868356019,0.34042886576808956,-0.10043848947552307
2742,1548035049747242035,base_link,0.23848190903663635,0.3593912422657013,1.1939512491226196,-0.4128456414966124,0.28351696266266646,-0.6495620158377466,0.5720540147229012
2743,1548035049785741781,base_link,0.2384566217660904,0.36319398880004883,1.1953538656234741,-0.4206872650864079,0.28317277768551263,-0.6438089938795716,0.5730142950850035
2744,1548035049836575953,base_link,0.23723487555980682,0.36354145407676697,1.189136266708374,0.7121801358869786,-0.6080971902856787,0.3332667461035299,-0.10931851241319132
2745,1548035049871615771,base_link,0.2389150708913803,0.3655255138874054,1.1881119012832642,0.7119128525167578,-0.6137109940880442,0.324607733580274,-0.10568219082132689
2746,1548035049912692598,base_link,0.24315133690834045,0.37148749828338623,1.1985973119735718,0.7117759686628681,-0.6086597842231267,0.33296822231736495,-0.10972875844693941
2747,1548035049953623335,base_link,0.24407149851322174,0.3722403049468994,1.191798210144043,0.7155763396993218,-0.6071025225954517,0.3290002733476078,-0.1055265334309785
2748,1548035049997905471,base_link,0.25025513768196106,0.3809081017971039,1.2079131603240967,0.7134253810957332,-0.608148600039698,0.3301251434758121,-0.11043955597175306
2749,1548035050039759361,base_link,0.2479829490184784,0.37701454758644104,1.184975266456604,0.7181107609450186,-0.6068228488786236,0.3258178652813679,-0.09962772584622194
2750,1548035050080004732,base_link,0.24930258095264435,0.37651634216308594,1.1781811714172363,0.7185020501533664,-0.6084582724905782,0.32275064950454196,-0.0967747529451092
2751,1548035050115803457,base_link,0.25315263867378235,0.37833088636398315,1.180333137512207,0.7150699613750846,-0.6129482738709064,0.32264942399856156,-0.09416322578962463
2752,1548035050168412014,base_link,0.2583346664905548,0.38282668590545654,1.190293312072754,-0.4298302648096904,0.27082971562027197,-0.6443412921396101,0.5715955806639267
2753,1548035050205835655,base_link,0.2612678110599518,0.383041650056839,1.1878299713134766,-0.4240076144621369,0.2638356030038943,-0.6488430531360314,0.5741175923648503
2754,1548035050248062473,base_link,0.26467207074165344,0.3835822641849518,1.1867687702178955,-0.42759520844606314,0.26635591486357785,-0.6499732889155628,0.5689917293137403
2755,1548035050289228885,base_link,0.2661999464035034,0.38182052969932556,1.1799908876419067,0.7168749054897636,-0.6124521574461228,0.32332950754078366,-0.08031658777653881
2756,1548035050336407826,base_link,0.27148106694221497,0.3835996389389038,1.183204174041748,-0.42318964172579004,0.2729947560372334,-0.6498721485048586,0.5692544078967223
2757,1548035050373236811,base_link,0.2754533290863037,0.38748565316200256,1.189932942390442,0.7143470017411728,-0.6055211188506826,0.33874780415896816,-0.09111784077057432
2758,1548035050415550872,base_link,0.2838291823863983,0.4021501839160919,1.2225226163864136,-0.4468309754152499,0.2960156738013851,-0.6324722886574117,0.5591919208588619
2759,1548035050457106591,base_link,0.2813461720943451,0.4059070646762848,1.217768669128418,-0.45072100583452257,0.2877793369008815,-0.6281057602465521,0.5652581552684629
2760,1548035050495114746,base_link,0.282566636800766,0.4150148928165436,1.2284226417541504,-0.45818337570309375,0.2816653501132272,-0.6231627923501928,0.5678034510332082
2761,1548035050541943691,base_link,0.27414920926094055,0.41148582100868225,1.203052282333374,-0.45912365848485437,0.2663343053248313,-0.6206479306691497,0.5771201349656109
2762,1548035050581797193,base_link,0.2720562815666199,0.4149351119995117,1.2031975984573364,-0.4581265110739265,0.26059631145860623,-0.6226847245938923,0.5783367497080133
2763,1548035050622698652,base_link,0.2624279260635376,0.4085918664932251,1.1795263290405273,0.7371054108519141,-0.5954778207671501,0.3061868748415912,-0.09127637121389366
2764,1548035050659802917,base_link,0.26128852367401123,0.41202953457832336,1.1915839910507202,0.7345629957134047,-0.5920219511656685,0.31813786646603937,-0.09335690969060631
2765,1548035050747353982,base_link,0.2515260875225067,0.410854697227478,1.1929882764816284,0.7370227933520762,-0.5926455410544831,0.3122661086322475,-0.08976938312930041
2766,1548035050833622407,base_link,0.24459049105644226,0.41490304470062256,1.2106364965438843,0.7338007840701323,-0.5888649195729464,0.31956632923995004,-0.1124805628120263
2767,1548035050873952801,base_link,0.2446720451116562,0.41507837176322937,1.2216908931732178,-0.45665332649545753,0.2594381449432201,-0.6308468960895781,0.5711320180511672
2768,1548035050910049910,base_link,0.2505260705947876,0.42254626750946045,1.2577701807022095,0.7164797026442704,-0.5866909394421124,0.34981388094421045,-0.14170683107761298
2769,1548035050960183940,base_link,0.25318828225135803,0.4211401343345642,1.2722179889678955,-0.45696637004484647,0.29388916824565275,-0.6261347683520657,0.5592549913023755
2770,1548035050994475646,base_link,0.25138023495674133,0.4133680462837219,1.2672494649887085,0.7107189178645634,-0.5852981622895456,0.3676450491507846,-0.13092669263684203
2771,1548035051041687041,base_link,0.24842992424964905,0.4043869078159332,1.2579669952392578,0.7062559200600916,-0.5928852129204402,0.36685655658930066,-0.1229063324967403
2772,1548035051496721069,base_link,0.1860610693693161,0.4377462863922119,1.2050479650497437,-0.48699654161989464,0.19154736745117706,-0.6170276440501347,0.5877251576636197
2773,1548035051541646590,base_link,0.1853589564561844,0.43561869859695435,1.1948587894439697,0.7389492617631207,-0.5901340779676796,0.2882310008016531,-0.15039497577330457
2774,1548035051624559721,base_link,0.20015965402126312,0.44401952624320984,1.223328948020935,-0.47238276600146895,0.19483788280688558,-0.6269250734260877,0.5880966537209902
2775,1548035051664461994,base_link,0.20643232762813568,0.4458787441253662,1.2347640991210938,-0.47505650714752534,0.20665924315679998,-0.6261885886806277,0.5826672495007897
2776,1548035051869528802,base_link,0.2282334417104721,0.41761907935142517,1.2111436128616333,0.7211897125429666,-0.6097218914135968,0.3105331173779022,-0.1081378595348609
2777,1548035051914549359,base_link,0.2300419807434082,0.4134761691093445,1.2006292343139648,0.7226183031648129,-0.5969083238872304,0.3290992939692815,-0.11496475770541291
2778,1548035051996785733,base_link,0.23692120611667633,0.41324880719184875,1.198203682899475,0.7234278918519761,-0.59503932817706,0.33395045612211566,-0.10515405873778497
2779,1548035052037640638,base_link,0.237880676984787,0.41135284304618835,1.1878808736801147,0.7190423685839216,-0.5999254062900491,0.33446805214332337,-0.10582391584322823
2780,1548035052076054507,base_link,0.2404232770204544,0.4125696122646332,1.1874291896820068,-0.44724546948634597,0.2559310254677324,-0.641052370883922,0.5687905220826693
2781,1548035052115362582,base_link,0.24399258196353912,0.41797634959220886,1.1980096101760864,0.7235108564773923,-0.5917847505833398,0.3378555062271559,-0.11034720861153072
2782,1548035052162589435,base_link,0.2464422583580017,0.4217420518398285,1.1992758512496948,0.7185625366611728,-0.5977025285781994,0.3367867696317603,-0.1139922806127294
2783,1548035052208552318,base_link,0.24725092947483063,0.4231945276260376,1.1956877708435059,0.7236267819259087,-0.5885644777992276,0.34136663831055375,-0.11586610462524234
2784,1548035052245700009,base_link,0.24899086356163025,0.4269874691963196,1.200819492340088,0.720791817920003,-0.5930173180646872,0.3365587402136172,-0.12457058272628287
2785,1548035052285379837,base_link,0.24991385638713837,0.4308704137802124,1.2019635438919067,0.7211373790911682,-0.5923796020502327,0.3369205664614429,-0.12462672043999806
2786,1548035052334216030,base_link,0.24991683661937714,0.4295080602169037,1.1922008991241455,-0.4614012282976211,0.2547400287092711,-0.6299206293211504,0.5704528245650925
2787,1548035052370059641,base_link,0.2496919184923172,0.4322828948497772,1.1939904689788818,-0.4662585966814387,0.25141022359966675,-0.6285035276724875,0.5695429186579883
2788,1548035052412357380,base_link,0.2480606734752655,0.43196868896484375,1.1897809505462646,0.727509476681794,-0.586218295635281,0.33647852839365083,-0.11772965272475559
2789,1548035052453926847,base_link,0.25100040435791016,0.4360162317752838,1.2039145231246948,0.7237484217771303,-0.587879415398115,0.33944097943592816,-0.12395901099097989
2790,1548035052493839421,base_link,0.25110623240470886,0.4340931475162506,1.2036559581756592,-0.46108637240199013,0.2634389660708745,-0.6260055885483895,0.5710659081462195
2791,1548035052539455284,base_link,0.24813956022262573,0.43274176120758057,1.200830340385437,0.7298399514581541,-0.5814518304963505,0.3432702054588591,-0.1068315501723873
2792,1548035052578353144,base_link,0.24611790478229523,0.43299400806427,1.2016654014587402,0.7272139930636049,-0.5848934685568956,0.3434724549045534,-0.10529060477464494
2793,1548035052620903687,base_link,0.24408458173274994,0.43072399497032166,1.199275016784668,-0.45402787881872514,0.2533012818473363,-0.6367229794772292,0.5694567527701335
2794,1548035052703507509,base_link,0.2355828732252121,0.42730051279067993,1.1966781616210938,0.7265912134210148,-0.5857339985041081,0.3430665657999631,-0.10623663683488091
2795,1548035052752080997,base_link,0.23358774185180664,0.4293856620788574,1.2069435119628906,0.7254155162376944,-0.5920955750409801,0.3367290503938896,-0.09903890871430097
2796,1548035052914905181,base_link,0.20567716658115387,0.4250166118144989,1.1988060474395752,0.7285932681306057,-0.5917943930518649,0.33031549425899687,-0.09911064644917146
2797,1548035053544286536,base_link,0.19245626032352448,0.4866766929626465,1.2686508893966675,-0.4735741093655086,0.240118593164061,-0.6184454036750023,0.5793064015085978
2798,1548035053579276104,base_link,0.19711336493492126,0.48388421535491943,1.270708441734314,-0.48195150998400654,0.19817601443588206,-0.6344472171250873,0.5708990611383743
2799,1548035053836189980,base_link,0.2270684540271759,0.44993749260902405,1.2506986856460571,-0.44934021215429154,0.23402593251623355,-0.652667338615715,0.5633387806243441
2800,1548035053872347165,base_link,0.2262292355298996,0.4375450909137726,1.222425937652588,-0.44639879671365246,0.24174252341386368,-0.6509927959680003,0.564355425475707
2801,1548035053914783024,base_link,0.2266291379928589,0.4337034225463867,1.212725281715393,0.7129240413706002,-0.5965020297025682,0.35093882194840265,-0.1129893050071308
2802,1548035053960462744,base_link,0.2300519198179245,0.4351349472999573,1.2155882120132446,0.7110831120561534,-0.5978348996798173,0.3535250141923089,-0.10942716670775442
2803,1548035053996991312,base_link,0.23230740427970886,0.4369658827781677,1.2176997661590576,-0.4478985383355266,0.26950781713477573,-0.6442856204886944,0.558254847799502
2804,1548035054041485395,base_link,0.23272132873535156,0.4388749599456787,1.2206337451934814,-0.4498719781591637,0.26919415156396076,-0.6434891603208035,0.5577377632728013
2805,1548035054080875160,base_link,0.23383575677871704,0.44358158111572266,1.2268712520599365,0.7120162418600247,-0.5877278866126139,0.36534644578082526,-0.11887294553730872
2806,1548035054120929790,base_link,0.23487524688243866,0.44211193919181824,1.2204680442810059,-0.4479405375787014,0.2626399037850695,-0.6508094467144125,0.5539102994174724
2807,1548035054166812214,base_link,0.2363893836736679,0.4420944154262543,1.2198541164398193,-0.4461243453124223,0.26843171255789056,-0.6488034783285891,0.55495182738822
2808,1548035054204067139,base_link,0.23919230699539185,0.4449789226055145,1.2226271629333496,0.7111422337936067,-0.5939541943985347,0.36248688895739145,-0.10049076378164533
2809,1548035054247383264,base_link,0.24013680219650269,0.44425708055496216,1.217124104499817,0.7089752080458667,-0.5902451384634715,0.3712821845068388,-0.10542471420111678
2810,1548035054290306083,base_link,0.24232830107212067,0.4475385844707489,1.2247908115386963,0.7102616371969808,-0.587201448375768,0.37342020612769394,-0.10620835846210533
2811,1548035054335962551,base_link,0.2460448443889618,0.4499770700931549,1.229262351989746,-0.440413495198407,0.26281206702178744,-0.655272724992826,0.5546020434107093
2812,1548035054373885024,base_link,0.25021031498908997,0.4523971676826477,1.2336626052856445,-0.4452869209408404,0.2687735690682504,-0.6537052779291165,0.5496814861508044
2813,1548035054414774212,base_link,0.2512539327144623,0.4518669545650482,1.2319090366363525,0.7104506198358989,-0.586532653468544,0.37452467946738743,-0.1047407640786846
2814,1548035054457090313,base_link,0.25056007504463196,0.4520006477832794,1.2291266918182373,0.714170344700223,-0.5793443013907889,0.38060546665633016,-0.09726447423443219
2815,1548035054495165259,base_link,0.2498420923948288,0.4534701108932495,1.2281038761138916,0.7148505409332413,-0.5780381313576518,0.38144981355053426,-0.09672984320399307
2816,1548035054542921158,base_link,0.24961349368095398,0.45537063479423523,1.2304292917251587,0.7138899229176441,-0.5772025546179302,0.3844402574649707,-0.09697462214127164
2817,1548035054578364171,base_link,0.24817121028900146,0.45380011200904846,1.2255700826644897,-0.4331172023802723,0.31407844085862413,-0.6372035434455986,0.5547394579534383
2818,1548035054619261203,base_link,0.2465161383152008,0.45224234461784363,1.2196298837661743,-0.42482509942348945,0.3286371422950645,-0.6335639144522689,0.5568824201821011
2819,1548035054665852313,base_link,0.24663135409355164,0.4523674249649048,1.2175322771072388,-0.4246040165299713,0.3282076398180334,-0.632996688982152,0.5579483542849859
2820,1548035054703698201,base_link,0.24647186696529388,0.4539933502674103,1.220465898513794,-0.4286495369851665,0.3209040576094681,-0.635610377182992,0.5561291294919515
2821,1548035054748454741,base_link,0.24728761613368988,0.4561212956905365,1.2255293130874634,-0.4346682983020565,0.314966152213496,-0.6399898750745053,0.5497933731986394
2822,1548035054787710781,base_link,0.24793018400669098,0.4575043320655823,1.2257068157196045,-0.4353241245969278,0.3156972010254145,-0.6393467722593991,0.5496033921020922
2823,1548035054832152179,base_link,0.24498552083969116,0.45332929491996765,1.2130481004714966,0.7164263058278671,-0.5593976813978385,0.4078946569133313,-0.08619472852856759
2824,1548035054872849930,base_link,0.24572068452835083,0.45485541224479675,1.2153234481811523,-0.42749184123160433,0.3235243757752519,-0.6375493708602297,0.5532752512767691
2825,1548035054911411598,base_link,0.24516676366329193,0.4531641900539398,1.2095094919204712,0.717381755114043,-0.5587355508955977,0.40908988731443563,-0.07631163536414781
2826,1548035054960165834,base_link,0.25164395570755005,0.45952293276786804,1.2291442155838013,-0.4199115614506469,0.3191464173332253,-0.6411237915796311,0.5574765723633629
2827,1548035054997431716,base_link,0.25566133856773376,0.4600677490234375,1.2368495464324951,-0.4232172144251125,0.3207939902624381,-0.6420780966526394,0.5529142094617169
2828,1548035055042075967,base_link,0.25550878047943115,0.45378008484840393,1.2244062423706055,-0.42086068291713197,0.31181452949809974,-0.645531688783338,0.5558208556225067
2829,1548035055080283931,base_link,0.25760307908058167,0.45237448811531067,1.2219538688659668,-0.41639082333391725,0.31327085395367854,-0.647919874678615,0.5555896780024653
2830,1548035055121415691,base_link,0.25905293226242065,0.4520818293094635,1.220478892326355,-0.4207716104991482,0.332391761536306,-0.6378505590005692,0.5528233289608954
2831,1548035055166005236,base_link,0.26099860668182373,0.4591383934020996,1.2315162420272827,-0.4215664421930391,0.34379805986257767,-0.6329913353935368,0.5508235635556427
2832,1548035055206521243,base_link,0.2573416531085968,0.45311757922172546,1.2088638544082642,-0.41140125061692184,0.32046894048459873,-0.6468306452451178,0.5564699322940062
2833,1548035055247159652,base_link,0.25892189145088196,0.4543374478816986,1.2083488702774048,-0.42084564401925995,0.3359100328859119,-0.6409856775194716,0.5469833223522489
2834,1548035055288575017,base_link,0.25948452949523926,0.4556608200073242,1.205992341041565,-0.4135731099875501,0.3227970907162851,-0.6498487642481408,0.5499599117440223
2835,1548035055417039543,base_link,0.2866201102733612,0.4673665761947632,1.2350189685821533,0.7066224138747826,-0.5640538793170582,0.4244833207805935,-0.048393138111027204
